order_id,restaurant_id,customer_id,carrier_id,customer_lat,customer_lon,date,time,is_peak_time,is_weekend,carrier_vehicle,shopping_cart,coupon_discount,order_price,shortest_distance_to_customer,travel_time_minutes,delivery_charges
ORD268962,REST1563,CUST02694,COUR4462,-37.7992985,144.9701036,2020-08-22,20:26:22,0,1,Car,"[('chicken biryani', 2), ('garlic naan', 1), ('bamboo biryani', 1)]",0,53.31,1716,4,4.3537
ORD076727,REST1563,CUST04176,COUR2507,-37.8236865,144.98682019999995,2020-05-27,08:34:17,0,0,Bike,"[('dal makhani', 2), ('chicken biryani', 2), ('bamboo biryani', 3)]",40,67.926,2121,11,3.7257
ORD012646,REST0538,CUST09631,COUR3036,-37.8126386,144.97358269999995,2020-11-26,05:04:36,0,0,Bike,"[('roti', 1), ('chicken curry', 3)]",10,81.90899999999999,5252,26,5.3404
ORD328248,REST0172,CUST02111,COUR1807,-37.8039824,145.0075865,2020-07-03,07:50:46,0,0,Motorbike,"[('dahi aloo puri', 2), ('sev puri', 3), ('chaat', 1), ('vada pav', 1)]",0,147.2,9176,18,4.4184
ORD277030,REST0172,CUST10839,COUR4856,-37.80121610000001,144.9629847,2020-10-21,00:51:25,0,0,Car,"[('sev puri', 3), ('chaat', 2), ('vada pav', 2)]",0,135.32,5188,12,4.2944
ORD020467,REST1563,CUST06538,COUR0451,-37.8242064,144.9840935,2020-06-07,15:17:48,0,1,Bike,"[('dal makhani', 2), ('bamboo biryani', 1), ('murgh ghee roast', 2)]",0,75.61,2181,11,4.5932
ORD195576,REST0538,CUST06250,COUR2252,-37.8134729,144.9501737,2020-06-30,11:24:23,0,0,Motorbike,"[('dragon chicken', 3), ('chicken grill', 2), ('roti', 3), ('biryani', 1)]",0,198.68,7094,14,4.0145
ORD033703,REST0172,CUST05331,COUR2106,-37.80954000000001,144.96268490000003,2020-02-01,23:00:39,0,1,Car,"[('panipuri', 3), ('dahipuri', 2)]",45,53.058,4474,11,4.7281
ORD040274,REST1563,CUST05958,COUR1467,-37.8203466,144.9657142,2020-11-23,02:42:11,0,0,Car,"[('garlic naan', 2), ('bamboo biryani', 3)]",40,28.95,1659,4,2.9867
ORD185095,REST0172,CUST08469,COUR2044,-37.80087520000001,144.9929336,2020-11-13,06:51:25,0,0,Bike,"[('masala poori', 3), ('vada pav', 2), ('dahi aloo puri', 1), ('dahipuri', 3)]",0,164.27,7876,39,6.77
ORD203248,REST0070,CUST10150,COUR3075,-37.7984333,144.9933386,2020-07-17,16:44:50,0,0,Car,"[('mango salad', 3), ('veg fritters', 2), ('noodles', 2)]",20,75.536,3375,8,3.5578
ORD091271,REST1149,CUST10268,COUR2535,-37.826402,144.951862,2020-07-27,07:42:51,0,0,Car,"[('egg roll', 1), ('pav bhaji', 2)]",0,40.02,3340,8,3.8338
ORD107743,REST0172,CUST01798,COUR1956,-37.7991477,144.96323610000005,2020-03-24,10:17:08,0,0,Bike,"[('masala poori', 3), ('chaat', 2)]",0,108.56,5402,27,5.4421
ORD108924,REST0538,CUST04798,COUR2932,-37.804869,144.9284889,2020-11-05,00:07:54,0,0,Motorbike,"[('masala papad', 2), ('dragon chicken', 2), ('biryani', 3), ('chicken grill', 1)]",45,71.846,9078,18,4.4912
ORD346876,REST0172,CUST02861,COUR2216,-37.8208973,144.995053,2020-03-31,16:36:55,0,0,Motorbike,"[('bhel puri', 2), ('dahipuri', 2), ('vada pav', 3)]",10,101.07,7600,15,4.5
ORD001961,REST0538,CUST11732,COUR4576,-37.8163696,144.98524650000004,2020-12-29,21:53:24,0,0,Bike,"[('dragon chicken', 2), ('masala papad', 2), ('chicken curry', 3), ('roti', 3)]",45,103.912,4430,22,4.5779
ORD032724,REST1149,CUST03054,COUR1294,-37.8013061,144.972184,2020-10-09,09:37:34,0,0,Car,"[('masala tea', 1), ('egg roll', 1), ('coffee', 1)]",0,51.6,3330,8,4.1528
ORD331827,REST0538,CUST01497,COUR4211,-37.8177059,144.9691094,2020-01-22,03:49:27,0,0,Motorbike,"[('biryani', 2), ('chicken curry', 3), ('chicken grill', 1)]",0,128.59,6137,12,3.6515
ORD181200,REST0172,CUST06530,COUR0191,-37.824146,144.9835879,2020-11-09,19:19:07,1,0,Motorbike,"[('dahi aloo puri', 2), ('sev puri', 1)]",10,62.658,6744,13,5.4191
ORD249897,REST1149,CUST01109,COUR0119,-37.8104578,145.0115275,2020-03-02,15:33:37,0,0,Bike,"[('poha', 3), ('masala tea', 2), ('french omelette', 3), ('sandwiches', 2)]",0,169.61,4402,22,5.2109
ORD254793,REST0538,CUST11658,COUR0200,-37.81858920000001,144.95329719999995,2020-06-02,08:02:38,0,0,Motorbike,"[('biryani', 3), ('roti', 2)]",0,99.04,8829,18,4.5619
ORD100544,REST1149,CUST04721,COUR4811,-37.8080849,144.9292147,2020-09-29,23:44:10,0,0,Bike,"[('chicken sandwich', 2), ('omelette', 3)]",20,61.84,6240,31,6.5905
ORD101287,REST0538,CUST07262,COUR0884,-37.8204843,144.9493105,2020-01-23,00:31:38,0,0,Bike,"[('biryani', 1), ('roti', 3), ('chicken curry', 2)]",0,131.57,7564,38,6.6059
ORD339964,REST0172,CUST12505,COUR2082,-37.8187387,144.9533937,2020-07-09,06:47:28,0,0,Car,"[('masala poori', 1), ('chaat', 1), ('dahipuri', 2), ('dahi aloo puri', 2)]",20,95.28,3909,9,3.958
ORD144395,REST0538,CUST00803,COUR0167,-37.8192601,144.9575378,2020-03-08,02:46:09,0,1,Bike,"[('roti', 1), ('paratha', 1), ('masala papad', 3), ('biryani', 2)]",0,88.31,6784,34,7.2529
ORD250499,REST0070,CUST04789,COUR2733,-37.8048531,144.9249028,2020-02-22,09:13:50,0,1,Car,"[('babycorn manchurian', 2), ('noodles', 3)]",45,54.203,4540,11,4.8717
ORD060664,REST0070,CUST11218,COUR4010,-37.8014226,144.9469542,2020-11-30,06:19:46,0,0,Bike,"[('coffee', 2), ('babycorn manchurian', 1), ('noodles', 3), ('veg fritters', 2)]",45,71.544,2790,14,3.852
ORD201230,REST1563,CUST02373,COUR4431,-37.8201771,144.9427589,2020-03-13,12:23:44,1,0,Car,"[('garlic naan', 3), ('chicken biryani', 2)]",0,57.12,3155,8,5.2815
ORD277091,REST0172,CUST00181,COUR2021,-37.8043557,144.96170700000005,2020-11-09,05:20:26,0,0,Car,"[('sev puri', 3), ('chaat', 3), ('bhel puri', 2)]",0,158.24,4757,11,3.6542
ORD102197,REST0538,CUST13508,COUR4144,-37.823717,144.9376977,2020-05-02,19:03:17,1,1,Motorbike,"[('paratha', 2), ('chicken grill', 1)]",40,32.298,8752,18,7.0584
ORD336000,REST1149,CUST03996,COUR0137,-37.8243246,144.9439659,2020-12-21,18:03:57,1,0,Bike,"[('poha', 3), ('coffee', 1)]",20,65.344,3972,20,6.9223
ORD341608,REST0172,CUST12298,COUR4432,-37.8116892,144.9564892,2020-12-27,07:50:46,0,1,Car,"[('sev puri', 3), ('chaat', 1)]",0,80.56,3839,9,4.5113
ORD174092,REST0172,CUST12800,COUR3225,-37.7996144,144.9327719,2020-09-29,04:29:00,0,0,Motorbike,"[('dahi aloo puri', 1), ('vada pav', 3), ('panipuri', 3), ('masala poori', 1)]",45,92.389,5092,10,3.8668
ORD273186,REST1563,CUST10266,COUR3263,-37.8244828,144.95532,2020-12-11,13:30:59,1,0,Bike,"[('chicken biryani', 1), ('dal makhani', 3)]",20,68.064,3098,15,5.8438
ORD122016,REST0538,CUST06632,COUR0240,-37.824672,144.9824261,2020-08-24,23:12:31,0,0,Bike,"[('biryani', 1), ('roti', 3), ('paratha', 2)]",45,63.41,5363,27,5.3405
ORD108667,REST1563,CUST00522,COUR4152,-37.813636,144.9558758,2020-07-03,17:12:31,0,0,Motorbike,"[('murgh ghee roast', 3), ('bamboo biryani', 1), ('chicken biryani', 3), ('dal makhani', 2)]",0,137.4,1978,4,2.513
ORD191608,REST0070,CUST11959,COUR0905,-37.81812539999999,144.9909146,2020-05-29,08:30:19,0,0,Bike,"[('babycorn manchurian', 2), ('noodles', 1)]",20,52.808,2300,12,4.1233
ORD192255,REST0538,CUST03064,COUR0612,-37.79935310000001,144.9705615,2020-05-05,04:52:44,0,0,Car,"[('paratha', 1), ('roti', 3), ('biryani', 2), ('chicken grill', 1)]",0,143.12,5599,13,3.7548
ORD154404,REST0172,CUST05370,COUR0825,-37.8109951,144.9668493,2020-07-03,00:59:20,0,0,Car,"[('sev puri', 2), ('panipuri', 1)]",10,56.817,4914,12,3.918
ORD269636,REST0070,CUST06027,COUR2155,-37.8056975,144.94140910000004,2020-03-01,05:12:31,0,1,Motorbike,"[('vegetarian', 1), ('mango salad', 1), ('babycorn manchurian', 3)]",0,98.92,3084,6,4.3357
ORD252256,REST0172,CUST00402,COUR4600,-37.8242405,144.9867934,2020-09-24,08:02:38,0,0,Car,"[('masala poori', 3), ('dahi aloo puri', 2)]",45,63.943000000000005,6833,16,4.6762
ORD179846,REST0070,CUST08664,COUR3936,-37.8015275,144.9622044,2020-04-29,10:44:50,0,0,Car,"[('coffee', 2), ('vegetarian', 1), ('noodles', 2)]",40,39.27,1673,4,3.0579
ORD087783,REST0172,CUST04448,COUR4695,-37.8204085,144.92786740000003,2020-07-12,16:09:13,0,1,Bike,"[('panipuri', 1), ('bhel puri', 2)]",20,47.24,3003,15,5.568
ORD067726,REST0070,CUST12525,COUR2927,-37.8189019,144.95313149999996,2020-02-09,02:06:35,0,1,Car,"[('laksa soup', 2), ('coffee', 2)]",45,15.477,1805,4,3.588
ORD066963,REST1563,CUST02969,COUR2382,-37.7993128,144.98776740000002,2020-01-18,01:30:59,0,1,Bike,"[('dal makhani', 1), ('bamboo biryani', 3), ('garlic naan', 1), ('chicken biryani', 1)]",45,44.402,2438,12,2.4484
ORD188969,REST0538,CUST08780,COUR3502,-37.8019904,144.96013290000005,2020-02-13,23:36:15,0,0,Car,"[('paratha', 2), ('biryani', 3), ('chicken grill', 1), ('chicken curry', 3)]",0,175.69,6513,16,4.4336
ORD079495,REST0070,CUST09484,COUR0186,-37.8025695,144.95690430000005,2020-06-01,05:24:23,0,0,Bike,"[('laksa soup', 2), ('coffee', 3), ('vegetarian', 2), ('babycorn manchurian', 3)]",0,145.11,1939,10,3.6182
ORD245956,REST1563,CUST08535,COUR2476,-37.8155045,144.9377081,2020-10-25,21:21:45,0,1,Bike,"[('bamboo biryani', 2), ('chicken biryani', 3), ('dal makhani', 2), ('murgh ghee roast', 1)]",0,129.15,3857,19,5.4135
ORD257342,REST1563,CUST12796,COUR4520,-37.8067273,144.9379718,2020-07-26,03:25:42,0,1,Car,"[('murgh ghee roast', 2), ('dal makhani', 3)]",0,87.07,3761,9,4.5567
ORD146458,REST1149,CUST06548,COUR0574,-37.82443410000001,144.9846125,2020-05-02,07:38:54,0,1,Motorbike,"[('pav bhaji', 1), ('sandwiches', 2), ('coffee', 1), ('french fries', 2)]",45,65.098,201,0,3.824
ORD064898,REST0070,CUST10998,COUR4278,-37.8048374,144.95782480000003,2020-07-06,12:51:25,1,0,Bike,"[('babycorn manchurian', 1), ('vegetarian', 3)]",40,46.008,1583,8,4.8141
ORD036020,REST0172,CUST05481,COUR3749,-37.8116794,145.0072895,2020-10-09,12:43:30,1,0,Motorbike,"[('panipuri', 1), ('dahi aloo puri', 3), ('bhel puri', 3)]",20,121.21600000000001,8493,17,5.9821
ORD161469,REST1563,CUST13007,COUR3734,-37.8123731,144.95320149999995,2020-01-17,02:06:35,0,0,Bike,"[('bamboo biryani', 2), ('chicken biryani', 1), ('dal makhani', 2), ('garlic naan', 3)]",10,96.399,2389,12,1.9974
ORD047374,REST1563,CUST03212,COUR4484,-37.8114345,144.9271062,2020-11-26,07:07:15,0,0,Bike,"[('bamboo biryani', 3), ('garlic naan', 1), ('murgh ghee roast', 3)]",0,69.83,4942,25,5.1391
ORD196638,REST1563,CUST07669,COUR4152,-37.8109419,144.9391187,2020-02-25,05:16:29,0,0,Motorbike,"[('dal makhani', 1), ('chicken biryani', 3), ('garlic naan', 2)]",10,80.64,3692,7,3.4749
ORD089203,REST0070,CUST00051,COUR1063,-37.8092654,144.9319064,2020-12-16,15:13:50,0,0,Bike,"[('coffee', 3), ('mango salad', 1), ('veg fritters', 1)]",0,50.88,3823,19,4.641
ORD293597,REST0172,CUST10237,COUR1369,-37.81792,144.96710969999995,2020-10-14,06:15:49,0,0,Motorbike,"[('chaat', 3), ('dahi aloo puri', 1), ('masala poori', 3)]",20,123.59200000000001,5131,10,3.6682
ORD187083,REST0172,CUST08842,COUR1997,-37.806073100000006,144.960031,2020-06-14,00:35:36,0,1,Bike,"[('panipuri', 3), ('bhel puri', 3), ('chaat', 1), ('vada pav', 1)]",0,161.65,4488,22,6.0107
ORD321276,REST1149,CUST10297,COUR2629,-37.8149589,144.99148630000005,2020-12-09,03:05:56,0,0,Car,"[('french fries', 2), ('coffee', 3)]",40,61.284,1822,4,3.4943
ORD273578,REST1563,CUST01872,COUR2722,-37.8214234,144.9691385,2020-10-02,20:22:25,0,0,Motorbike,"[('garlic naan', 2), ('bamboo biryani', 3)]",40,28.95,1490,3,2.6754
ORD338249,REST1149,CUST03382,COUR1322,-37.8237612,144.9562133,2020-12-06,15:53:24,0,1,Car,"[('chicken sandwich', 1), ('sandwiches', 3), ('french omelette', 2)]",0,92.98,2816,7,4.7791
ORD167069,REST1149,CUST06116,COUR3153,-37.8049188,144.9478494,2020-10-05,15:21:45,0,0,Motorbike,"[('egg roll', 1), ('french omelette', 1), ('chicken sandwich', 1)]",40,16.95,4413,9,3.8826
ORD332327,REST1563,CUST04187,COUR4776,-37.8260548,144.9839684,2020-02-11,21:53:24,0,0,Car,"[('chicken biryani', 2), ('murgh ghee roast', 1), ('dal makhani', 2), ('bamboo biryani', 3)]",0,122.89,2222,5,3.4561
ORD194846,REST1563,CUST03508,COUR0684,-37.8146256,144.9382538,2020-04-17,11:24:23,0,0,Motorbike,"[('dal makhani', 1), ('murgh ghee roast', 3)]",0,51.61,3754,8,3.4855
ORD246564,REST1563,CUST13476,COUR0435,-37.8071333,144.9450199,2020-05-04,08:14:30,0,0,Car,"[('garlic naan', 2), ('dal makhani', 3)]",0,82.63,3217,8,3.5029
ORD091303,REST1563,CUST03425,COUR1949,-37.8214115,144.9892355,2020-01-04,20:38:14,0,1,Motorbike,"[('chicken biryani', 2), ('dal makhani', 2), ('garlic naan', 1)]",0,87.34,1901,4,4.154
ORD037236,REST0172,CUST02655,COUR4461,-37.8086023,144.9586157,2020-03-29,13:30:59,1,1,Motorbike,"[('vada pav', 2), ('panipuri', 3), ('bhel puri', 2)]",40,83.802,4150,8,6.2044
ORD176216,REST0538,CUST11716,COUR3087,-37.8255456,144.95152969999995,2020-07-29,22:44:50,0,0,Car,"[('dragon chicken', 3), ('roti', 3), ('chicken grill', 2)]",0,180.82,7510,18,2.1912
ORD342832,REST0172,CUST08543,COUR3599,-37.8203118,144.9790144,2020-01-10,02:46:09,0,0,Motorbike,"[('dahi aloo puri', 2), ('chaat', 2)]",0,91.86,6337,13,4.2709
ORD025593,REST0538,CUST13056,COUR4864,-37.8119624,144.9534267,2020-06-26,02:10:32,0,0,Bike,"[('biryani', 2), ('masala papad', 1), ('paratha', 3)]",0,84.66,6823,34,5.6688
ORD126426,REST0172,CUST13663,COUR4939,-37.8175175,144.95917680000005,2020-04-09,05:32:18,0,0,Car,"[('vada pav', 2), ('panipuri', 1), ('sev puri', 3)]",45,64.18,4382,11,3.8467
ORD334181,REST0172,CUST11005,COUR2882,-37.80538920000001,144.9565606,2020-02-02,13:46:48,1,1,Car,"[('dahi aloo puri', 2), ('chaat', 3)]",0,112.9,4291,10,6.0351
ORD087871,REST1149,CUST03274,COUR0817,-37.8040695,144.9452196,2020-08-13,09:25:42,0,0,Bike,"[('chicken sandwich', 1), ('sandwiches', 2), ('egg roll', 3), ('coffee', 1)]",20,88.432,4718,24,5.4004
ORD250161,REST1563,CUST06433,COUR3258,-37.8128426,145.0105729,2020-03-13,11:08:34,0,0,Car,"[('murgh ghee roast', 2), ('bamboo biryani', 1)]",40,18.282,3742,9,5.3184
ORD282931,REST1149,CUST13090,COUR2088,-37.8012086,144.97001699999996,2020-12-17,20:50:06,0,0,Car,"[('sandwiches', 2), ('french fries', 1), ('pav bhaji', 2), ('chicken sandwich', 1)]",40,58.518,3238,8,4.0214
ORD173389,REST0172,CUST05151,COUR2223,-37.8241714,144.9537569,2020-04-19,18:11:52,1,1,Bike,"[('sev puri', 3), ('chaat', 1), ('panipuri', 2)]",45,70.10300000000001,3709,19,6.9776
ORD201755,REST1149,CUST10245,COUR0283,-37.81304,144.99040180000003,2020-08-06,04:29:00,0,0,Car,"[('masala tea', 3), ('egg roll', 1), ('pav bhaji', 3), ('coffee', 2)]",10,134.154,1920,5,3.5004
ORD049461,REST1149,CUST12368,COUR2302,-37.8053807,144.94338059999995,2020-04-16,23:44:10,0,0,Car,"[('omelette', 3), ('pav bhaji', 1), ('sandwiches', 1), ('egg roll', 2)]",10,114.40799999999999,4876,12,4.032
ORD164941,REST0538,CUST00568,COUR3344,-37.8168814,144.9655878,2020-05-06,05:56:02,0,0,Bike,"[('roti', 3), ('chicken curry', 2), ('chicken grill', 1), ('masala papad', 2)]",40,89.07600000000001,6012,30,5.6512
ORD226166,REST0538,CUST06927,COUR3194,-37.8057665,144.9550834,2020-01-03,15:17:48,0,0,Motorbike,"[('roti', 2), ('biryani', 2)]",0,81.18,6562,13,4.2483
ORD295618,REST1149,CUST13797,COUR0287,-37.8099718,144.9705825,2020-09-11,09:37:34,0,0,Motorbike,"[('poha', 2), ('chicken sandwich', 2)]",0,52.08,2269,5,3.7487
ORD052741,REST1563,CUST01080,COUR0459,-37.8151473,145.0143033,2020-08-19,00:00:00,0,0,Motorbike,"[('dal makhani', 2), ('chicken biryani', 3), ('bamboo biryani', 2), ('murgh ghee roast', 2)]",0,138.83,4319,9,3.5107
ORD094126,REST0538,CUST00727,COUR3197,-37.8146506,144.9593159,2020-07-22,11:16:29,0,0,Bike,"[('masala papad', 2), ('chicken grill', 3), ('dragon chicken', 1), ('roti', 3)]",45,95.29799999999999,9225,46,7.4183
ORD175901,REST0070,CUST08160,COUR1208,-37.8167792,145.0055926,2020-11-01,12:43:30,1,1,Motorbike,"[('noodles', 2), ('coffee', 1)]",0,40.36,3645,7,5.8642
ORD347835,REST0172,CUST09741,COUR0873,-37.8116119,144.986092,2020-04-16,09:17:48,0,0,Car,"[('chaat', 1), ('dahi aloo puri', 1)]",0,45.93,6757,16,4.3946
ORD327905,REST1149,CUST00062,COUR4319,-37.8030544,144.96815930000002,2020-07-11,23:40:13,0,1,Car,"[('sandwiches', 3), ('omelette', 3), ('french omelette', 1), ('masala tea', 1)]",0,160.47,3112,7,4.4049
ORD198040,REST0172,CUST00511,COUR0510,-37.8017383,144.9311332,2020-09-13,11:40:13,0,1,Motorbike,"[('panipuri', 1), ('dahipuri', 2), ('sev puri', 3), ('dahi aloo puri', 3)]",0,183.76,4074,8,4.1659
ORD053762,REST0538,CUST03984,COUR3102,-37.8243506,144.9438143,2020-11-29,14:18:27,0,1,Car,"[('roti', 1), ('dragon chicken', 3), ('biryani', 2)]",0,121.9,8117,19,5.1193
ORD213577,REST1149,CUST03686,COUR3879,-37.8030328,144.9657936,2020-08-01,18:59:20,1,1,Car,"[('french omelette', 2), ('french fries', 1), ('omelette', 2)]",10,73.791,3271,8,6.3618
ORD218067,REST1149,CUST07375,COUR3426,-37.8188343,144.9685552,2020-06-28,18:27:41,1,1,Car,"[('sandwiches', 1), ('chicken sandwich', 2)]",45,18.942,1692,4,5.8952
ORD088465,REST0172,CUST01101,COUR4953,-37.8125849,145.01552869999998,2020-04-03,08:06:35,0,0,Motorbike,"[('bhel puri', 3), ('sev puri', 2)]",0,93.08,9910,20,4.4991
ORD132695,REST1149,CUST02046,COUR3099,-37.8031584,144.95097719999995,2020-10-13,19:54:43,1,0,Motorbike,"[('poha', 2), ('masala tea', 2)]",10,67.86,4305,9,5.6028
ORD147590,REST1149,CUST11874,COUR3805,-37.810639,145.00152780000005,2020-01-09,05:52:05,0,0,Motorbike,"[('french fries', 3), ('poha', 1)]",0,77.39,3083,6,3.6949
ORD152126,REST0538,CUST11274,COUR4752,-37.8254195,144.98139469999995,2020-10-13,17:00:39,0,0,Car,"[('roti', 2), ('paratha', 1)]",0,60.08,5594,13,4.2815
ORD147604,REST0538,CUST11119,COUR2292,-37.8098907,144.9482742,2020-12-06,02:30:19,0,1,Motorbike,"[('chicken grill', 1), ('chicken curry', 2)]",0,70.11,7352,15,2.54425
ORD154418,REST1563,CUST10785,COUR3300,-37.808564200000006,144.9611915,2020-08-04,19:19:07,1,0,Motorbike,"[('dal makhani', 2), ('murgh ghee roast', 3)]",0,74.18,1764,4,4.3574
ORD258510,REST1149,CUST13856,COUR0602,-37.8181646,144.96477439999995,2020-03-28,15:25:42,0,1,Car,"[('french fries', 1), ('chicken sandwich', 1), ('omelette', 2)]",10,61.785,2101,5,4.2766
ORD272299,REST1149,CUST12778,COUR2011,-37.81521370000001,144.9664904,2020-09-26,05:24:23,0,1,Car,"[('omelette', 1), ('masala tea', 1), ('coffee', 2), ('french omelette', 3)]",10,99.837,2147,5,4.7565
ORD101014,REST0538,CUST13973,COUR3112,-37.81121810000001,144.95837269999996,2020-12-11,23:56:02,0,0,Bike,"[('roti', 3), ('chicken grill', 1)]",0,92.78,6328,32,5.8260000000000005
ORD256797,REST0070,CUST13347,COUR0358,-37.8176125,145.0108561,2020-08-09,07:03:17,0,1,Motorbike,"[('babycorn manchurian', 1), ('laksa soup', 3), ('mango salad', 2)]",0,57.7,4157,8,4.9674
ORD035381,REST1149,CUST02220,COUR0425,-37.8059569,144.9644642,2020-09-28,05:52:05,0,0,Bike,"[('masala tea', 2), ('coffee', 2), ('pav bhaji', 2)]",0,105.12,3009,15,4.5426
ORD320744,REST0070,CUST00635,COUR4638,-37.8162141,144.9659806,2020-02-02,09:33:37,0,1,Car,"[('vegetarian', 2), ('veg fritters', 1)]",40,32.952,720,2,4.0342
ORD346394,REST0538,CUST01542,COUR4247,-37.8154662,144.9916158,2020-07-31,11:40:13,0,0,Bike,"[('masala papad', 3), ('paratha', 1)]",0,29.86,3732,19,4.4662
ORD092159,REST0172,CUST03355,COUR1047,-37.8211073,144.9654739,2020-10-16,23:04:36,0,0,Bike,"[('sev puri', 3), ('panipuri', 2), ('dahi aloo puri', 1)]",40,78.786,4882,24,5.2236
ORD017230,REST0538,CUST01090,COUR2776,-37.8107694,145.01276130000005,2020-01-08,02:54:03,0,0,Car,"[('paratha', 1), ('dragon chicken', 3)]",40,46.842,2476,6,3.3493
ORD322358,REST1563,CUST07901,COUR0097,-37.8176307,144.9898464,2020-07-11,14:46:09,0,1,Motorbike,"[('dal makhani', 1), ('bamboo biryani', 3), ('murgh ghee roast', 2)]",45,41.393,1708,3,3.7711
ORD259254,REST1149,CUST05855,COUR0624,-37.8047617,144.97587119999997,2020-09-13,16:32:58,0,1,Bike,"[('omelette', 3), ('poha', 3)]",20,100.656,2864,14,5.7131
ORD234637,REST1149,CUST00669,COUR2752,-37.8028947,144.99639209999995,2020-06-11,17:20:26,0,0,Car,"[('poha', 1), ('pav bhaji', 1)]",0,33.78,3365,8,3.7832
ORD074565,REST1563,CUST09466,COUR4580,-37.8005422,144.9459658,2020-02-29,07:42:51,0,1,Motorbike,"[('garlic naan', 2), ('dal makhani', 1)]",10,33.741,3218,6,4.0697
ORD238396,REST1563,CUST12532,COUR2444,-37.8191125,144.9527406,2020-05-31,05:44:10,0,1,Bike,"[('dal makhani', 2), ('chicken biryani', 1), ('bamboo biryani', 2), ('murgh ghee roast', 3)]",20,91.016,2208,11,4.9807
ORD024096,REST0538,CUST13764,COUR0937,-37.8139298,144.9570017,2020-11-14,17:04:36,0,1,Bike,"[('chicken grill', 2), ('chicken curry', 3), ('masala papad', 1), ('paratha', 3)]",20,133.12,6591,33,10.15185
ORD024447,REST0538,CUST10505,COUR1088,-37.8113578,144.96337319999995,2020-04-02,10:32:58,0,0,Motorbike,"[('chicken curry', 1), ('chicken grill', 2), ('dragon chicken', 3)]",0,135.39,5998,12,3.9445
ORD084046,REST0538,CUST11956,COUR4880,-37.81997310000001,144.99114450000005,2020-05-27,21:29:40,0,0,Bike,"[('dragon chicken', 2), ('masala papad', 3), ('chicken curry', 3)]",0,125.82,4231,21,5.0867
ORD073918,REST0538,CUST10804,COUR1285,-37.8079697,144.9567406,2020-12-12,03:09:53,0,1,Car,"[('dragon chicken', 1), ('chicken curry', 2), ('chicken grill', 1), ('roti', 3)]",0,159.45,6474,16,5.2506
ORD334442,REST0538,CUST07277,COUR1125,-37.8211244,144.94751019999995,2020-04-04,15:41:32,0,1,Motorbike,"[('chicken curry', 2), ('roti', 2)]",10,81.882,7740,15,5.2108
ORD086349,REST1563,CUST07128,COUR1014,-37.8022925,144.94239950000005,2020-03-08,23:20:26,0,1,Motorbike,"[('bamboo biryani', 1), ('chicken biryani', 1), ('garlic naan', 3), ('dal makhani', 2)]",0,96.0,3416,7,4.1386
ORD015660,REST0172,CUST13695,COUR3354,-37.8192035,144.9541322,2020-03-27,07:54:43,0,0,Bike,"[('chaat', 3), ('dahipuri', 3), ('panipuri', 3), ('dahi aloo puri', 3)]",0,247.32,3928,20,4.5586
ORD247639,REST1149,CUST08487,COUR3217,-37.8014372,144.9567869,2020-10-17,23:48:07,0,1,Car,"[('coffee', 3), ('egg roll', 1), ('french fries', 2), ('pav bhaji', 3)]",40,93.492,3967,10,4.8627
ORD006649,REST1563,CUST06858,COUR3526,-37.8060974,144.95806409999997,2020-12-01,05:20:26,0,0,Motorbike,"[('dal makhani', 1), ('bamboo biryani', 2), ('murgh ghee roast', 2), ('garlic naan', 2)]",45,43.489,1839,4,2.9204
ORD009540,REST0538,CUST03983,COUR2285,-37.8243114,144.94396319999996,2020-10-20,03:49:27,0,0,Motorbike,"[('chicken grill', 1), ('paratha', 3), ('dragon chicken', 2), ('biryani', 2)]",0,146.47,8104,16,4.1727
ORD194965,REST0070,CUST01228,COUR0006,-37.8096849,144.9593225,2020-09-07,04:40:52,0,0,Bike,"[('coffee', 1), ('laksa soup', 1), ('vegetarian', 3), ('babycorn manchurian', 1)]",10,81.675,1275,6,3.1474
ORD249142,REST1563,CUST03259,COUR2288,-37.8015996,144.9843406,2020-10-30,14:26:22,0,0,Car,"[('garlic naan', 3), ('dal makhani', 1), ('murgh ghee roast', 2), ('bamboo biryani', 3)]",0,97.64,2085,5,3.1735
ORD154341,REST0538,CUST03382,COUR1983,-37.8237612,144.9562133,2020-12-24,04:32:58,0,0,Motorbike,"[('biryani', 1), ('paratha', 2)]",20,37.68,6947,14,4.4955
ORD319885,REST1563,CUST10042,COUR4242,-37.7992369,144.9504122,2020-02-22,08:18:27,0,1,Car,"[('garlic naan', 1), ('bamboo biryani', 2), ('chicken biryani', 3), ('murgh ghee roast', 2)]",10,91.035,2936,7,4.2026
ORD026639,REST0070,CUST07639,COUR3765,-37.813313,144.939603,2020-08-04,08:54:03,0,0,Bike,"[('veg fritters', 2), ('mango salad', 2), ('noodles', 3)]",45,57.008,3113,16,4.0559
ORD288853,REST0538,CUST06365,COUR1801,-37.8149244,144.9451042,2020-09-01,01:19:07,0,0,Bike,"[('chicken curry', 1), ('roti', 3)]",0,90.95,7568,38,6.3965
ORD225243,REST0070,CUST06051,COUR4134,-37.80517920000001,144.940973,2020-02-06,07:11:12,0,0,Car,"[('laksa soup', 3), ('noodles', 3)]",0,67.56,3079,7,3.4318
ORD278743,REST0172,CUST01511,COUR1676,-37.816592,144.9497232,2020-10-10,09:49:27,0,1,Bike,"[('dahi aloo puri', 3), ('masala poori', 1)]",0,96.83,3323,17,5.2952
ORD095736,REST0172,CUST02653,COUR1885,-37.8079631,144.9583133,2020-05-14,03:09:53,0,0,Car,"[('dahi aloo puri', 2), ('masala poori', 2), ('vada pav', 3), ('dahipuri', 2)]",0,170.8,4215,10,3.5157
ORD134702,REST0538,CUST05401,COUR1610,-37.8156495,144.9639803,2020-05-02,02:02:38,0,1,Motorbike,"[('roti', 1), ('masala papad', 3), ('chicken grill', 2), ('chicken curry', 3)]",40,93.258,6193,12,4.4196
ORD110232,REST1563,CUST06013,COUR4456,-37.8078257,144.99198769999995,2020-03-02,13:50:46,1,0,Bike,"[('murgh ghee roast', 3), ('garlic naan', 1)]",20,29.2,2091,10,5.0882
ORD068807,REST0538,CUST07829,COUR4354,-37.8169429,144.98343469999998,2020-03-02,01:34:56,0,0,Car,"[('roti', 3), ('chicken grill', 2)]",45,64.554,4658,11,3.6225
ORD225548,REST1563,CUST01511,COUR2532,-37.816592,144.9497232,2020-11-20,00:39:33,0,0,Motorbike,"[('dal makhani', 3), ('chicken biryani', 2), ('bamboo biryani', 3), ('garlic naan', 3)]",0,158.16,2570,5,3.0431
ORD051731,REST0070,CUST03242,COUR0705,-37.801049,144.98937,2020-05-17,21:49:27,0,1,Car,"[('vegetarian', 2), ('babycorn manchurian', 3)]",10,98.235,2798,7,4.4322
ORD250732,REST1149,CUST11119,COUR2371,-37.8098907,144.9482742,2020-07-10,07:34:56,0,0,Motorbike,"[('french omelette', 1), ('omelette', 1)]",10,28.305,4383,9,3.9374
ORD294576,REST0538,CUST07360,COUR2256,-37.8213196,144.96919350000005,2020-07-13,22:44:50,0,0,Bike,"[('masala papad', 2), ('dragon chicken', 2), ('roti', 3)]",0,120.65,5753,29,5.7309
ORD233219,REST0538,CUST07232,COUR2901,-37.820924,144.9474994,2020-03-04,01:54:43,0,0,Bike,"[('biryani', 3), ('roti', 1)]",0,76.31,7740,39,6.4347
ORD322336,REST0070,CUST06828,COUR4931,-37.8023344,144.9706342,2020-12-19,02:50:06,0,1,Bike,"[('babycorn manchurian', 3), ('noodles', 1), ('coffee', 2)]",10,95.868,1270,6,4.1669
ORD101092,REST0070,CUST05674,COUR2693,-37.813104,144.9374875,2020-07-05,23:08:34,0,1,Car,"[('veg fritters', 3), ('mango salad', 3), ('laksa soup', 2), ('babycorn manchurian', 2)]",0,144.5,3510,8,4.7968
ORD284361,REST0172,CUST09616,COUR4101,-37.8230238,144.94006409999997,2020-09-20,14:14:30,0,1,Car,"[('bhel puri', 2), ('panipuri', 2), ('chaat', 3), ('sev puri', 3)]",0,205.14,2408,6,4.2898
ORD111547,REST0538,CUST11939,COUR2600,-37.8132093,145.0144442,2020-08-02,04:17:08,0,1,Motorbike,"[('dragon chicken', 1), ('paratha', 2), ('masala papad', 2), ('roti', 2)]",0,106.01,2248,4,4.0113
ORD124872,REST0538,CUST03518,COUR1048,-37.8198062,145.00161469999995,2020-08-12,06:07:54,0,0,Motorbike,"[('biryani', 1), ('chicken curry', 2), ('roti', 1)]",45,47.36,3245,6,3.1768
ORD294403,REST0538,CUST05383,COUR4577,-37.8123366,144.9698475,2020-07-22,07:50:46,0,0,Motorbike,"[('dragon chicken', 3), ('paratha', 3), ('roti', 2), ('chicken curry', 1)]",0,175.53,5520,11,3.6778
ORD116979,REST0538,CUST02907,COUR1899,-37.7994664,144.9892871,2020-11-25,16:09:13,0,0,Bike,"[('dragon chicken', 2), ('chicken grill', 1)]",0,66.89,4027,20,4.5578
ORD031712,REST1149,CUST13953,COUR1062,-37.8132756,144.9515121,2020-06-04,19:19:07,1,0,Motorbike,"[('french fries', 1), ('omelette', 2), ('french omelette', 2)]",0,81.99,3837,8,5.1136
ORD226991,REST0070,CUST07970,COUR2412,-37.8135784,144.97404980000005,2020-03-03,16:25:03,0,0,Car,"[('mango salad', 1), ('babycorn manchurian', 3), ('coffee', 2), ('vegetarian', 3)]",20,119.28,602,1,3.1451
ORD002159,REST0172,CUST03247,COUR2972,-37.8024414,144.9922659,2020-04-01,01:58:40,0,0,Bike,"[('vada pav', 3), ('panipuri', 3), ('bhel puri', 2)]",20,125.22399999999999,7857,39,6.4265
ORD067200,REST0172,CUST00582,COUR2701,-37.8122894,144.94555580000005,2020-02-23,00:15:49,0,1,Motorbike,"[('dahipuri', 2), ('masala poori', 2), ('vada pav', 1)]",45,48.015,2857,6,4.4972
ORD218306,REST0070,CUST00219,COUR0226,-37.80942039999999,144.93167069999996,2020-01-30,09:05:56,0,0,Bike,"[('noodles', 1), ('veg fritters', 1)]",0,36.65,3848,19,4.471
ORD099417,REST0172,CUST09590,COUR3942,-37.8244443,145.0154211,2020-11-30,05:48:07,0,0,Car,"[('chaat', 1), ('bhel puri', 2), ('panipuri', 1)]",0,80.09,9662,23,7.35915
ORD152357,REST0538,CUST00302,COUR4982,-37.8042124,144.96037819999995,2020-10-31,16:52:44,0,1,Bike,"[('paratha', 2), ('biryani', 2), ('chicken curry', 1), ('roti', 2)]",10,119.86200000000001,6252,31,6.7829
ORD272905,REST1149,CUST12135,COUR1854,-37.8124874,144.96329169999996,2020-09-13,13:07:15,1,1,Car,"[('poha', 1), ('sandwiches', 3), ('pav bhaji', 2)]",45,63.382,2661,6,6.0084
ORD340219,REST1563,CUST03738,COUR2933,-37.805533200000006,144.97350980000004,2020-08-31,22:17:08,0,0,Bike,"[('garlic naan', 3), ('dal makhani', 2), ('bamboo biryani', 3), ('chicken biryani', 1)]",40,70.932,868,4,2.7559
ORD073477,REST0070,CUST10197,COUR3603,-37.82100620000001,144.9697007,2020-10-19,12:03:57,1,0,Car,"[('babycorn manchurian', 1), ('coffee', 2)]",10,36.459,1237,3,4.4881
ORD270842,REST0070,CUST11992,COUR1983,-37.81732810000001,144.990782,2020-12-25,04:17:08,0,0,Motorbike,"[('vegetarian', 3), ('veg fritters', 3), ('babycorn manchurian', 1)]",0,137.82,2292,5,3.2561
ORD105210,REST0538,CUST07710,COUR0710,-37.7989324,144.9541514,2020-09-02,14:14:30,0,0,Motorbike,"[('dragon chicken', 2), ('chicken grill', 2), ('masala papad', 3), ('chicken curry', 3)]",40,105.0,6981,14,3.9804
ORD077781,REST0538,CUST10830,COUR0067,-37.8025528,144.9573808,2020-02-20,12:00:00,1,0,Motorbike,"[('roti', 1), ('chicken curry', 2), ('paratha', 2)]",0,97.49,6674,13,5.3889
ORD293355,REST1149,CUST04888,COUR4290,-37.8181804,144.9758986,2020-12-12,18:00:00,1,1,Motorbike,"[('french omelette', 1), ('omelette', 2), ('poha', 2)]",20,74.808,1148,2,5.6068
ORD235634,REST0172,CUST01258,COUR2950,-37.8079891,144.975727,2020-05-26,07:50:46,0,0,Car,"[('chaat', 3), ('vada pav', 3)]",20,90.96,5641,14,4.1058
ORD095839,REST0172,CUST08910,COUR3109,-37.8049263,144.96613390000005,2020-10-10,06:51:25,0,1,Car,"[('vada pav', 1), ('dahi aloo puri', 3), ('bhel puri', 2)]",0,127.13,5044,12,5.0286
ORD012309,REST1563,CUST11310,COUR3225,-37.8183531,144.9670147,2020-01-09,16:32:58,0,0,Motorbike,"[('garlic naan', 2), ('chicken biryani', 1), ('bamboo biryani', 2)]",0,54.51,1197,2,2.955
ORD108693,REST0070,CUST05768,COUR1474,-37.8083116,144.9409504,2020-06-07,13:46:48,1,1,Motorbike,"[('vegetarian', 3), ('mango salad', 2), ('veg fritters', 2)]",40,63.99,3039,6,6.0014
ORD177963,REST1149,CUST07636,COUR3102,-37.8131872,144.9399364,2020-06-14,11:20:26,0,1,Car,"[('egg roll', 3), ('french omelette', 1), ('coffee', 2), ('french fries', 3)]",10,132.876,4830,12,5.4555
ORD004054,REST1149,CUST07834,COUR2337,-37.8165247,144.9870502,2020-12-26,23:36:15,0,1,Bike,"[('masala tea', 2), ('sandwiches', 1), ('poha', 1), ('pav bhaji', 2)]",0,105.2,1435,7,4.8025
ORD052373,REST1149,CUST10665,COUR3825,-37.8153421,144.9631363,2020-02-06,04:40:52,0,0,Motorbike,"[('poha', 2), ('french fries', 1), ('pav bhaji', 3), ('egg roll', 3)]",10,124.569,2471,5,3.685
ORD208036,REST0070,CUST02275,COUR1087,-37.8194833,144.9628206,2020-04-25,09:57:21,0,1,Car,"[('veg fritters', 3), ('babycorn manchurian', 2)]",10,99.792,1364,3,4.0594
ORD058875,REST0538,CUST07239,COUR3614,-37.8210485,144.9473608,2020-11-08,20:46:09,0,1,Bike,"[('biryani', 3), ('paratha', 1), ('chicken curry', 1), ('chicken grill', 3)]",20,131.784,7750,39,7.9006
ORD025633,REST0172,CUST06929,COUR3017,-37.804923,144.95602780000004,2020-11-04,10:09:13,0,0,Car,"[('sev puri', 2), ('masala poori', 1), ('panipuri', 1)]",0,85.29,4191,10,3.6842
ORD178387,REST0070,CUST06636,COUR2204,-37.824085,144.9850699,2020-04-22,13:46:48,1,0,Motorbike,"[('mango salad', 3), ('veg fritters', 2), ('babycorn manchurian', 1)]",40,52.05,2094,4,4.6865
ORD235609,REST1563,CUST03569,COUR4388,-37.8034599,144.9541489,2020-11-16,16:13:11,0,0,Car,"[('dal makhani', 1), ('chicken biryani', 3), ('murgh ghee roast', 2)]",10,84.63600000000001,2362,6,2.9313
ORD143146,REST1563,CUST10501,COUR3823,-37.8017564,144.9986517,2020-08-01,17:56:02,0,1,Bike,"[('bamboo biryani', 3), ('dal makhani', 2), ('garlic naan', 3), ('murgh ghee roast', 3)]",20,103.912,3267,16,5.1025
ORD241874,REST1149,CUST12740,COUR0309,-37.81533710000001,144.9279699,2020-03-06,19:38:54,1,0,Motorbike,"[('coffee', 3), ('sandwiches', 2), ('pav bhaji', 3), ('egg roll', 3)]",0,188.24,6539,13,5.994
ORD319787,REST0538,CUST11161,COUR3160,-37.8028144,144.9473472,2020-10-28,08:22:25,0,0,Motorbike,"[('biryani', 3), ('chicken grill', 1), ('chicken curry', 3), ('roti', 1)]",10,152.262,7350,15,4.075
ORD077944,REST0070,CUST13157,COUR1335,-37.8154936,144.93880890000003,2020-02-03,06:51:25,0,0,Car,"[('noodles', 2), ('veg fritters', 1), ('coffee', 2)]",0,68.56,3236,8,3.675
ORD108124,REST0070,CUST04100,COUR3873,-37.8187627,144.98330049999996,2020-11-11,09:13:50,0,0,Bike,"[('babycorn manchurian', 1), ('laksa soup', 3), ('veg fritters', 1), ('noodles', 1)]",40,48.162,1770,9,3.7336
ORD175696,REST0172,CUST13537,COUR2771,-37.801382200000006,144.9743946,2020-03-31,02:54:03,0,0,Car,"[('dahi aloo puri', 3), ('masala poori', 3), ('panipuri', 3)]",0,211.5,6047,15,4.2532
ORD117545,REST0538,CUST05059,COUR2417,-37.8200673,144.9586124,2020-08-08,18:19:46,1,1,Bike,"[('chicken grill', 2), ('masala papad', 1)]",0,54.26,6671,33,8.2977
ORD034704,REST0172,CUST08821,COUR3443,-37.803376,144.9620344,2020-11-27,23:52:05,0,0,Motorbike,"[('panipuri', 3), ('bhel puri', 2)]",40,63.57,4881,10,3.6824
ORD139770,REST1149,CUST09583,COUR4516,-37.8191715,144.9542421,2020-11-04,14:54:03,0,0,Car,"[('french fries', 1), ('french omelette', 1), ('sandwiches', 1), ('coffee', 1)]",40,43.583999999999996,3172,8,4.2298
ORD324790,REST1563,CUST10663,COUR0294,-37.8150689,144.96412880000003,2020-06-06,04:25:03,0,1,Car,"[('garlic naan', 3), ('bamboo biryani', 2), ('murgh ghee roast', 2), ('chicken biryani', 3)]",0,116.07,989,2,3.8262
ORD171014,REST1149,CUST00244,COUR3672,-37.8251943,144.94480990000002,2020-07-17,14:22:25,0,0,Motorbike,"[('pav bhaji', 3), ('french omelette', 3)]",20,55.896,3920,8,3.7266
ORD028494,REST1563,CUST10962,COUR4581,-37.808466,144.9480456,2020-01-09,20:50:06,0,0,Car,"[('chicken biryani', 2), ('garlic naan', 2)]",0,49.66,2926,7,1.67015
ORD202009,REST0538,CUST12180,COUR3050,-37.8024904,144.9634374,2020-02-21,16:32:58,0,0,Car,"[('biryani', 2), ('roti', 3)]",20,83.12799999999999,6227,15,4.2229
ORD235906,REST0538,CUST04493,COUR3938,-37.82021029999999,144.9684007,2020-05-02,22:05:16,0,1,Bike,"[('biryani', 3), ('masala papad', 2), ('paratha', 3), ('roti', 2)]",0,153.06,5759,29,6.6187
ORD054952,REST0172,CUST10007,COUR1142,-37.8041384,145.0021403,2020-09-14,14:34:17,0,0,Bike,"[('sev puri', 1), ('vada pav', 2)]",45,29.458000000000002,8360,42,7.0607
ORD342556,REST0172,CUST00868,COUR3670,-37.8128341,144.9581542,2020-09-07,18:15:49,1,0,Motorbike,"[('vada pav', 1), ('bhel puri', 3), ('chaat', 2)]",20,89.87200000000001,4093,8,5.1606
ORD207960,REST0070,CUST13722,COUR1711,-37.8136845,144.97310190000005,2020-07-05,08:26:22,0,1,Motorbike,"[('babycorn manchurian', 2), ('laksa soup', 2), ('veg fritters', 3), ('noodles', 1)]",0,139.65,527,1,4.1477
ORD348901,REST0070,CUST03132,COUR4721,-37.813012,144.9859131,2020-08-19,10:36:55,0,0,Car,"[('noodles', 2), ('mango salad', 1), ('babycorn manchurian', 1), ('laksa soup', 2)]",0,76.95,1776,4,3.1216
ORD124907,REST0070,CUST13592,COUR1764,-37.8023534,144.9630115,2020-11-16,15:53:24,0,0,Motorbike,"[('veg fritters', 2), ('laksa soup', 1)]",40,28.206,1538,3,3.0326
ORD178081,REST0172,CUST01267,COUR0225,-37.8043872,144.97634319999997,2020-02-25,03:13:50,0,0,Car,"[('panipuri', 3), ('sev puri', 2), ('vada pav', 2), ('chaat', 1)]",45,90.634,5926,14,4.2538
ORD200075,REST0538,CUST11177,COUR3904,-37.8045376,144.9534528,2020-09-24,02:50:06,0,0,Motorbike,"[('roti', 2), ('paratha', 1), ('masala papad', 1), ('chicken curry', 2)]",0,110.68,6839,14,3.928
ORD036293,REST0172,CUST02470,COUR2277,-37.80059050000001,144.9395035,2020-03-22,17:36:15,0,1,Motorbike,"[('chaat', 2), ('bhel puri', 2)]",0,77.68,4456,9,4.6628
ORD340131,REST1149,CUST07875,COUR4547,-37.8160154,144.9851741,2020-08-30,00:00:00,0,1,Motorbike,"[('pav bhaji', 2), ('coffee', 3), ('french omelette', 3), ('poha', 1)]",0,140.29,1336,3,4.5622
ORD338451,REST0070,CUST10397,COUR2386,-37.8081849,144.9687701,2020-09-21,19:27:01,1,0,Car,"[('coffee', 2), ('noodles', 2)]",0,48.18,586,1,4.1238
ORD226465,REST0538,CUST12196,COUR4938,-37.8031484,144.9620726,2020-06-21,19:34:56,1,1,Motorbike,"[('dragon chicken', 1), ('chicken grill', 1), ('chicken curry', 2)]",20,73.008,6242,12,6.4723
ORD037437,REST1149,CUST01932,COUR0474,-37.8240335,144.9737726,2020-11-10,02:58:01,0,0,Motorbike,"[('egg roll', 1), ('omelette', 2)]",10,50.706,1154,2,2.9619
ORD007718,REST0538,CUST03306,COUR1570,-37.8029355,144.94808559999996,2020-05-11,19:50:46,1,0,Bike,"[('roti', 3), ('masala papad', 1)]",0,73.27,7284,36,7.481
ORD184482,REST0172,CUST05692,COUR2790,-37.8141043,144.9378236,2020-02-22,06:03:57,0,1,Car,"[('vada pav', 1), ('masala poori', 1), ('dahi aloo puri', 1), ('panipuri', 2)]",0,110.81,2380,6,3.9519
ORD214197,REST1563,CUST13115,COUR4068,-37.8261784,144.951993,2020-07-01,04:32:58,0,0,Motorbike,"[('chicken biryani', 3), ('murgh ghee roast', 3), ('garlic naan', 1)]",0,88.61,2871,6,3.1385
ORD130555,REST0538,CUST02839,COUR0244,-37.8203034,144.997392,2020-05-26,05:36:15,0,0,Motorbike,"[('roti', 1), ('biryani', 2)]",40,35.07,3647,7,3.3465
ORD071279,REST1149,CUST08689,COUR4863,-37.8051471,144.9600534,2020-12-23,20:14:30,0,0,Motorbike,"[('chicken sandwich', 3), ('coffee', 1), ('french omelette', 1)]",10,43.839,3457,7,3.838
ORD119350,REST1149,CUST09745,COUR3929,-37.8010235,144.9876745,2020-06-27,09:41:32,0,1,Car,"[('masala tea', 2), ('pav bhaji', 2), ('egg roll', 1), ('omelette', 2)]",0,118.82,3166,8,4.868
ORD275041,REST1563,CUST06061,COUR1943,-37.8063016,144.9415632,2020-12-12,21:05:56,0,1,Motorbike,"[('chicken biryani', 1), ('dal makhani', 1), ('murgh ghee roast', 1), ('bamboo biryani', 1)]",45,33.402,3499,7,4.3929
ORD126695,REST1563,CUST00112,COUR0251,-37.8045313,144.9350517,2020-05-18,18:15:49,1,0,Bike,"[('murgh ghee roast', 3), ('bamboo biryani', 1)]",45,22.081999999999997,4002,20,9.8337
ORD187142,REST1563,CUST02473,COUR3960,-37.8058946,144.9413997,2020-11-16,04:17:08,0,0,Motorbike,"[('chicken biryani', 2), ('dal makhani', 2), ('murgh ghee roast', 1), ('garlic naan', 3)]",40,67.164,3530,7,3.3682
ORD303590,REST1563,CUST02824,COUR4985,-37.8142992,144.99819399999996,2020-02-13,01:19:07,0,0,Motorbike,"[('chicken biryani', 3), ('garlic naan', 3), ('murgh ghee roast', 2), ('dal makhani', 1)]",20,93.13600000000001,2574,5,3.0566
ORD103551,REST1149,CUST07540,COUR2158,-37.8128094,144.9431875,2020-03-08,14:58:01,0,1,Bike,"[('masala tea', 1), ('egg roll', 1), ('poha', 3), ('omelette', 1)]",10,101.214,4479,22,6.1139
ORD250708,REST0538,CUST03683,COUR0010,-37.8061899,144.9783206,2020-06-15,05:08:34,0,0,Car,"[('chicken grill', 2), ('dragon chicken', 1), ('chicken curry', 2)]",10,104.265,4662,11,3.7541
ORD089861,REST1149,CUST06868,COUR2013,-37.8061015,144.95851530000004,2020-01-06,15:25:42,0,0,Motorbike,"[('french omelette', 2), ('pav bhaji', 2), ('french fries', 1), ('sandwiches', 1)]",10,79.443,3450,7,3.8115
ORD318136,REST0172,CUST08041,COUR3273,-37.8195083,145.0084531,2020-06-06,08:50:06,0,1,Bike,"[('vada pav', 1), ('dahi aloo puri', 1), ('dahipuri', 2)]",45,37.329,8850,44,8.1649
ORD209288,REST1563,CUST10513,COUR4606,-37.8240241,144.9906328,2020-09-23,22:52:44,0,0,Car,"[('bamboo biryani', 3), ('murgh ghee roast', 3), ('garlic naan', 1)]",0,69.83,2296,6,3.2397
ORD088353,REST1563,CUST13216,COUR2873,-37.8204937,144.9767747,2020-06-05,18:07:54,1,0,Motorbike,"[('chicken biryani', 2), ('murgh ghee roast', 2)]",10,48.69,1593,3,4.3957
ORD335819,REST0538,CUST02240,COUR3664,-37.8192271,144.96292350000004,2020-02-28,17:32:18,0,0,Bike,"[('dragon chicken', 2), ('masala papad', 2)]",0,52.46,6319,32,6.221
ORD285263,REST1149,CUST08118,COUR4963,-37.817826,144.99232769999998,2020-03-08,22:44:50,0,1,Bike,"[('poha', 2), ('coffee', 3), ('masala tea', 2), ('egg roll', 3)]",0,177.46,1604,8,2.50585
ORD198745,REST0070,CUST05232,COUR1074,-37.8225727,144.9609943,2020-03-03,02:30:19,0,0,Motorbike,"[('noodles', 3), ('babycorn manchurian', 1)]",0,73.68,1747,3,2.8555
ORD250921,REST0172,CUST07185,COUR1802,-37.8022421,144.9427539,2020-11-13,08:10:32,0,0,Bike,"[('panipuri', 2), ('sev puri', 1), ('chaat', 2)]",0,108.82,4102,21,4.77
ORD341548,REST0070,CUST07727,COUR0273,-37.8014523,144.95822130000005,2020-12-07,15:01:58,0,0,Bike,"[('noodles', 1), ('vegetarian', 3), ('mango salad', 3)]",10,80.28,1889,9,3.5821
ORD289841,REST0172,CUST03539,COUR2369,-37.8150414,144.9917019,2020-04-23,14:22:25,0,0,Car,"[('dahi aloo puri', 3), ('vada pav', 1)]",40,54.918,7511,18,4.5536
ORD218205,REST1563,CUST01963,COUR4856,-37.8219064,144.9753957,2020-05-11,14:14:30,0,0,Car,"[('garlic naan', 3), ('chicken biryani', 3), ('bamboo biryani', 2)]",0,96.71,1887,5,2.9315
ORD213208,REST0172,CUST04999,COUR1564,-37.81263720000001,144.9740845,2020-11-13,07:46:48,0,0,Motorbike,"[('sev puri', 1), ('chaat', 3), ('masala poori', 2), ('bhel puri', 3)]",45,99.374,5767,12,3.7916
ORD212140,REST1563,CUST11471,COUR0508,-37.8227125,145.0077275,2020-08-18,20:34:17,0,0,Bike,"[('garlic naan', 3), ('murgh ghee roast', 1), ('bamboo biryani', 1), ('chicken biryani', 1)]",40,36.324,3614,18,4.6805
ORD051200,REST1563,CUST12534,COUR0276,-37.8188542,144.95341509999997,2020-12-06,10:40:52,0,1,Car,"[('dal makhani', 3), ('bamboo biryani', 3), ('garlic naan', 3)]",10,111.07799999999999,2126,5,4.3663
ORD122447,REST1563,CUST01285,COUR0289,-37.80408720000001,144.9774972,2020-08-17,05:48:07,0,0,Car,"[('murgh ghee roast', 2), ('chicken biryani', 2)]",40,32.46,1043,3,1.4483
ORD011457,REST1149,CUST11954,COUR1474,-37.8199018,144.99069319999995,2020-08-10,02:54:03,0,0,Motorbike,"[('masala tea', 1), ('sandwiches', 3), ('chicken sandwich', 1)]",0,91.3,1337,3,4.4859
ORD313756,REST0070,CUST10004,COUR4819,-37.8042179,145.00257209999995,2020-08-08,07:58:40,0,1,Car,"[('vegetarian', 3), ('veg fritters', 3), ('noodles', 1), ('coffee', 2)]",0,144.86,3738,9,4.0902
ORD189283,REST0070,CUST07632,COUR0597,-37.8137278,144.9398582,2020-08-18,20:54:03,0,0,Car,"[('coffee', 1), ('vegetarian', 2), ('veg fritters', 1)]",0,62.74,3064,7,3.3812
ORD023476,REST1149,CUST00025,COUR1060,-37.8108078,144.9671114,2020-11-10,11:20:26,0,0,Car,"[('french fries', 3), ('poha', 2)]",40,58.506,2428,6,3.7945
ORD294703,REST1563,CUST00196,COUR2598,-37.8072432,144.9687506,2020-08-04,18:00:00,1,0,Motorbike,"[('murgh ghee roast', 3), ('garlic naan', 1)]",45,20.075,888,2,4.4312
ORD128843,REST0538,CUST13035,COUR2994,-37.8122033,144.9534658,2020-01-06,20:18:27,0,0,Motorbike,"[('roti', 3), ('dragon chicken', 3)]",20,105.31200000000001,6858,14,3.8
ORD306129,REST0538,CUST11813,COUR2679,-37.817809,144.95180449999995,2020-05-08,16:09:13,0,0,Motorbike,"[('chicken curry', 3), ('dragon chicken', 1), ('roti', 2)]",45,74.19,7497,15,4.396
ORD158282,REST0172,CUST02127,COUR4568,-37.8007369,144.9517619,2020-11-30,13:50:46,1,0,Bike,"[('vada pav', 3), ('chaat', 1), ('dahi aloo puri', 1)]",0,96.51,4403,22,6.1739999999999995
ORD134565,REST0538,CUST02550,COUR0061,-37.8039769,145.0028892,2020-06-12,08:26:22,0,0,Car,"[('masala papad', 1), ('roti', 2), ('dragon chicken', 2)]",45,51.062,3041,7,3.5084
ORD027141,REST1149,CUST11217,COUR3612,-37.8017253,144.9473332,2020-08-23,04:52:44,0,1,Car,"[('pav bhaji', 3), ('omelette', 3)]",40,63.864,4808,12,4.8515
ORD330940,REST0172,CUST05634,COUR4028,-37.8121626,144.9387584,2020-02-14,11:04:36,0,0,Bike,"[('bhel puri', 1), ('dahipuri', 2), ('sev puri', 1)]",40,38.256,2526,13,4.294
ORD200430,REST0070,CUST09010,COUR1375,-37.8024922,144.9809522,2020-03-13,15:53:24,0,0,Bike,"[('coffee', 3), ('noodles', 3), ('veg fritters', 2), ('babycorn manchurian', 1)]",0,137.9,2056,10,3.8866
ORD265685,REST0538,CUST10716,COUR4470,-37.81370870000001,144.9882469,2020-03-05,19:58:40,1,0,Bike,"[('chicken curry', 3), ('dragon chicken', 1), ('masala papad', 2)]",0,99.59,3885,19,6.1456
ORD246689,REST0538,CUST12939,COUR1090,-37.8113504,144.95347809999996,2020-01-09,00:59:20,0,0,Motorbike,"[('chicken curry', 3), ('masala papad', 1), ('dragon chicken', 2)]",40,69.396,6795,14,4.1708
ORD340878,REST0172,CUST09908,COUR1078,-37.7917738,144.93594009999995,2020-11-02,06:31:38,0,0,Motorbike,"[('panipuri', 3), ('masala poori', 1)]",0,92.51,4370,9,3.7529
ORD005468,REST0070,CUST00411,COUR0345,-37.8246592,144.98870730000004,2020-06-26,13:38:54,1,0,Car,"[('noodles', 3), ('coffee', 2), ('vegetarian', 3)]",10,104.634,2373,6,4.6489
ORD131190,REST0172,CUST10419,COUR4551,-37.8080995,144.97115630000005,2020-02-09,17:52:05,0,1,Bike,"[('sev puri', 1), ('vada pav', 1), ('panipuri', 2)]",20,66.88,5623,28,6.7315
ORD048597,REST0070,CUST03140,COUR2963,-37.8154666,144.987904,2020-04-18,20:46:09,0,1,Motorbike,"[('noodles', 3), ('veg fritters', 3), ('mango salad', 3)]",0,131.07,1942,4,3.7896
ORD018296,REST0538,CUST13719,COUR4503,-37.8145878,144.9700684,2020-04-10,07:15:09,0,0,Bike,"[('dragon chicken', 2), ('masala papad', 3), ('chicken grill', 3)]",40,78.786,5602,28,5.2424
ORD301030,REST1563,CUST11759,COUR4022,-37.8256605,144.9979241,2020-10-28,07:27:01,0,0,Motorbike,"[('bamboo biryani', 1), ('dal makhani', 1), ('chicken biryani', 1), ('murgh ghee roast', 1)]",0,60.73,2980,6,2.9022
ORD141829,REST0172,CUST02262,COUR1896,-37.8186183,144.9670084,2020-10-21,12:47:28,1,0,Motorbike,"[('vada pav', 1), ('bhel puri', 2), ('masala poori', 1)]",0,74.62,5064,10,5.0751
ORD215694,REST0070,CUST04432,COUR4891,-37.8244795,144.9434911,2020-10-11,14:18:27,0,1,Motorbike,"[('coffee', 1), ('noodles', 2), ('vegetarian', 1)]",45,31.695999999999998,3134,6,4.4595
ORD195304,REST1563,CUST05198,COUR3714,-37.8207336,144.9567356,2020-08-19,00:27:41,0,0,Car,"[('garlic naan', 3), ('bamboo biryani', 3), ('dal makhani', 1), ('murgh ghee roast', 2)]",45,53.702,2087,5,2.7075
ORD059569,REST1149,CUST01246,COUR0936,-37.8015961,144.9779199,2020-07-26,04:52:44,0,1,Car,"[('pav bhaji', 1), ('egg roll', 3)]",0,51.76,3186,8,4.9522
ORD203464,REST0172,CUST06616,COUR3526,-37.8245586,144.9848092,2020-01-27,03:13:50,0,0,Motorbike,"[('bhel puri', 3), ('sev puri', 3), ('masala poori', 3)]",10,161.46,6686,13,3.9481
ORD246600,REST1563,CUST01674,COUR4549,-37.8229927,145.0065988,2020-11-27,17:44:10,0,0,Car,"[('bamboo biryani', 3), ('murgh ghee roast', 2), ('dal makhani', 3), ('garlic naan', 2)]",0,135.32,3565,9,3.5432
ORD193835,REST0070,CUST04858,COUR1638,-37.8039352,144.91783940000005,2020-08-28,21:49:27,0,0,Bike,"[('coffee', 2), ('noodles', 3)]",10,58.005,5201,26,5.3118
ORD149515,REST0538,CUST04416,COUR4953,-37.8252333,144.9451897,2020-02-05,09:33:37,0,0,Motorbike,"[('masala papad', 1), ('chicken curry', 3)]",10,66.024,8017,16,4.3023
ORD344377,REST0172,CUST04097,COUR4387,-37.8190128,144.9846939,2020-04-17,09:21:45,0,0,Motorbike,"[('sev puri', 1), ('masala poori', 1), ('bhel puri', 1), ('dahipuri', 3)]",40,59.388000000000005,6706,13,3.9074
ORD005927,REST0172,CUST06291,COUR3030,-37.8073878,144.95824230000005,2020-02-22,10:44:50,0,1,Motorbike,"[('masala poori', 2), ('dahi aloo puri', 1), ('chaat', 1), ('vada pav', 1)]",0,107.11,4394,9,6.8175
ORD115995,REST0172,CUST06019,COUR4674,-37.7998166,144.9362469,2020-01-27,21:13:50,0,0,Motorbike,"[('chaat', 2), ('dahipuri', 3), ('panipuri', 3)]",0,151.61,3856,8,3.779
ORD215310,REST0070,CUST06029,COUR1601,-37.80532879999999,144.9416103,2020-07-31,09:33:37,0,0,Motorbike,"[('veg fritters', 2), ('babycorn manchurian', 3), ('mango salad', 1)]",0,122.41,3025,6,3.3569999999999998
ORD201233,REST1149,CUST00642,COUR0404,-37.800242,144.943345,2020-06-15,12:00:00,1,0,Motorbike,"[('egg roll', 2), ('masala tea', 1), ('coffee', 3), ('poha', 3)]",40,100.38,5107,10,5.4037
ORD308690,REST1563,CUST10852,COUR3408,-37.7989485,144.9877544,2020-04-13,16:01:19,0,0,Bike,"[('garlic naan', 2), ('chicken biryani', 2), ('murgh ghee roast', 3), ('bamboo biryani', 3)]",40,67.218,2509,13,4.1611
ORD079457,REST0538,CUST00865,COUR3545,-37.8133427,144.9583791,2020-06-16,13:54:43,1,0,Motorbike,"[('masala papad', 1), ('chicken grill', 2), ('paratha', 3)]",20,78.49600000000001,6439,13,7.9809
ORD036140,REST1563,CUST02445,COUR1876,-37.8088649,144.94514119999997,2020-08-27,11:24:23,0,0,Car,"[('chicken biryani', 2), ('garlic naan', 2)]",20,39.728,3185,8,3.2542
ORD285938,REST1149,CUST07554,COUR2704,-37.8141377,144.9443707,2020-05-07,01:38:54,0,0,Motorbike,"[('poha', 2), ('pav bhaji', 3)]",10,73.098,4358,9,3.7403
ORD047544,REST0172,CUST04218,COUR1785,-37.8197721,144.9809341,2020-04-03,14:54:03,0,0,Motorbike,"[('panipuri', 1), ('sev puri', 3), ('dahipuri', 1), ('vada pav', 1)]",0,112.89,6377,13,3.6007
ORD127412,REST1149,CUST01358,COUR1623,-37.8005686,144.9700381,2020-03-24,18:55:23,1,0,Motorbike,"[('french omelette', 2), ('coffee', 1)]",45,22.319000000000003,3312,7,4.8359
ORD068174,REST1563,CUST03662,COUR2234,-37.8012256,144.9531925,2020-10-13,21:21:45,0,0,Car,"[('garlic naan', 1), ('chicken biryani', 1), ('bamboo biryani', 1), ('murgh ghee roast', 2)]",45,30.415,2573,6,3.196
ORD084276,REST1149,CUST13473,COUR4247,-37.8035093,144.9484419,2020-03-29,22:01:19,0,1,Bike,"[('pav bhaji', 3), ('egg roll', 3), ('masala tea', 3), ('poha', 1)]",0,151.94,4591,23,6.3341
ORD201470,REST1149,CUST05333,COUR1901,-37.8159612,144.96543269999995,2020-11-06,15:45:29,0,0,Car,"[('french fries', 2), ('sandwiches', 3), ('poha', 2)]",40,87.73200000000001,2226,5,3.549
ORD178865,REST0538,CUST02634,COUR0809,-37.8052171,144.96417409999995,2020-11-25,20:18:27,0,0,Car,"[('roti', 3), ('chicken curry', 1), ('masala papad', 2), ('biryani', 3)]",0,154.69,5958,14,3.9966
ORD226807,REST0070,CUST13125,COUR2325,-37.8111578,144.950247,2020-10-19,15:29:40,0,0,Car,"[('mango salad', 1), ('veg fritters', 3)]",0,68.18,2118,5,3.3111
ORD171607,REST0070,CUST10502,COUR1820,-37.8018847,145.00195019999995,2020-04-20,14:02:38,0,0,Motorbike,"[('vegetarian', 2), ('noodles', 1), ('veg fritters', 1)]",0,71.19,3874,8,3.6024
ORD227667,REST0538,CUST08983,COUR1182,-37.811974600000006,144.9594259,2020-12-08,15:21:45,0,0,Car,"[('dragon chicken', 2), ('roti', 1)]",40,39.018,6311,15,4.725
ORD292538,REST0172,CUST04698,COUR4257,-37.8042953,144.91723159999995,2020-02-17,08:34:17,0,0,Car,"[('masala poori', 1), ('bhel puri', 2), ('panipuri', 1), ('dahi aloo puri', 2)]",40,78.594,4791,11,3.7144
ORD200937,REST1149,CUST04507,COUR2333,-37.8200701,144.952914,2020-03-12,03:01:58,0,0,Bike,"[('french omelette', 3), ('pav bhaji', 2)]",0,56.21,3193,16,4.2827
ORD086987,REST0538,CUST02720,COUR1510,-37.8214346,144.99866719999997,2020-05-23,04:56:42,0,1,Motorbike,"[('chicken curry', 2), ('roti', 2), ('chicken grill', 1), ('paratha', 1)]",0,130.19,3629,7,4.111000000000001
ORD031228,REST0538,CUST05984,COUR1456,-37.8196115,144.9688632,2020-09-11,04:21:05,0,0,Bike,"[('paratha', 1), ('biryani', 2)]",20,40.272,5735,29,5.9578
ORD012742,REST0172,CUST07434,COUR0204,-37.8177379,144.9787149,2020-04-04,02:34:17,0,1,Motorbike,"[('bhel puri', 3), ('masala poori', 2), ('panipuri', 3), ('vada pav', 1)]",0,184.93,6355,13,5.2411
ORD153621,REST0538,CUST07463,COUR4501,-37.801007,144.9943011,2020-07-28,20:18:27,0,0,Car,"[('roti', 2), ('paratha', 2)]",0,74.7,3503,8,3.0636
ORD117054,REST0172,CUST03269,COUR1585,-37.8077584,144.9436271,2020-12-01,00:00:00,0,0,Car,"[('dahipuri', 3), ('panipuri', 2)]",0,86.08,3416,8,3.5083
ORD006574,REST0538,CUST11230,COUR0862,-37.8056135,144.9296361,2020-05-04,14:34:17,0,0,Bike,"[('chicken grill', 3), ('paratha', 2), ('masala papad', 1), ('chicken curry', 2)]",0,153.61,9014,45,7.0441
ORD002389,REST0538,CUST06536,COUR3889,-37.8241958,144.9840063,2020-03-12,12:55:23,1,0,Motorbike,"[('masala papad', 2), ('chicken curry', 2), ('chicken grill', 2)]",10,94.374,5334,11,5.1553
ORD091083,REST0538,CUST10767,COUR0043,-37.8120686,144.9720701,2020-10-06,07:58:40,0,0,Motorbike,"[('biryani', 3), ('chicken curry', 1), ('masala papad', 2)]",0,86.5,5368,11,3.8281
ORD315082,REST0070,CUST02478,COUR4226,-37.8089313,144.9514248,2020-10-07,23:12:31,0,0,Motorbike,"[('coffee', 3), ('noodles', 3), ('veg fritters', 1), ('laksa soup', 3)]",0,111.4,2193,4,2.5715
ORD042122,REST0172,CUST02871,COUR1303,-37.8184073,144.97984350000004,2020-01-11,01:07:15,0,1,Car,"[('bhel puri', 3), ('chaat', 2)]",40,57.288000000000004,6231,15,5.2061
ORD233970,REST1149,CUST02478,COUR0169,-37.8089313,144.9514248,2020-07-24,11:16:29,0,0,Bike,"[('poha', 2), ('egg roll', 3), ('sandwiches', 1)]",0,100.94,4180,21,5.1819
ORD313164,REST0172,CUST12877,COUR3939,-37.8241698,145.0006174,2020-10-14,08:26:22,0,0,Car,"[('sev puri', 1), ('panipuri', 2), ('vada pav', 1)]",0,83.6,8235,20,4.6408
ORD166853,REST0172,CUST10846,COUR1533,-37.8038953,144.9617879,2020-08-15,13:54:43,1,1,Bike,"[('dahi aloo puri', 1), ('dahipuri', 3), ('vada pav', 3), ('panipuri', 1)]",0,138.1,4810,24,7.6125
ORD271841,REST0070,CUST04966,COUR2647,-37.8122756,144.973739,2020-11-22,11:16:29,0,1,Car,"[('veg fritters', 1), ('vegetarian', 3), ('babycorn manchurian', 2)]",10,109.73700000000001,525,1,3.9884
ORD123123,REST0538,CUST02121,COUR2819,-37.7995235,144.95369159999996,2020-03-25,03:13:50,0,0,Bike,"[('roti', 1), ('paratha', 3), ('chicken grill', 2)]",0,115.77,7109,36,6.2096
ORD045711,REST0538,CUST09761,COUR3504,-37.8205798,144.9487118,2020-12-06,09:09:53,0,1,Car,"[('roti', 1), ('chicken curry', 1)]",40,27.294,7624,18,5.5506
ORD000253,REST0070,CUST08492,COUR1844,-37.7940869,144.947129,2020-05-26,11:00:39,0,0,Bike,"[('veg fritters', 2), ('noodles', 3), ('laksa soup', 1), ('vegetarian', 2)]",20,104.288,3545,18,4.4063
ORD312601,REST0172,CUST04750,COUR3419,-37.80542,144.9282301,2020-06-14,06:55:23,0,1,Motorbike,"[('dahi aloo puri', 1), ('bhel puri', 2), ('sev puri', 2)]",0,100.17,4337,9,4.7778
ORD188429,REST0538,CUST13980,COUR1069,-37.8116299,144.956389,2020-03-13,00:43:30,0,0,Motorbike,"[('paratha', 3), ('dragon chicken', 3), ('chicken grill', 1), ('masala papad', 3)]",20,117.712,6510,13,4.2212
ORD038016,REST1563,CUST12572,COUR0946,-37.8187551,144.95323,2020-07-13,01:23:04,0,0,Bike,"[('bamboo biryani', 2), ('chicken biryani', 1), ('murgh ghee roast', 3)]",0,68.63,2161,11,3.8662
ORD344593,REST1563,CUST07631,COUR4879,-37.8144709,144.9381655,2020-10-17,08:50:06,0,1,Bike,"[('dal makhani', 3), ('chicken biryani', 1), ('bamboo biryani', 3), ('garlic naan', 2)]",0,133.33,3763,19,5.939
ORD333480,REST1149,CUST01711,COUR1913,-37.8211073,145.00157919999995,2020-12-04,17:56:02,0,0,Car,"[('coffee', 3), ('poha', 3)]",20,99.456,2263,5,3.3372
ORD060991,REST0538,CUST06396,COUR4469,-37.8165514,144.9458975,2020-05-27,12:35:36,1,0,Motorbike,"[('chicken curry', 1), ('roti', 3), ('dragon chicken', 3), ('masala papad', 2)]",45,90.508,7684,15,5.7907
ORD014626,REST1149,CUST02429,COUR0741,-37.8257266,144.9816732,2020-03-16,01:27:01,0,0,Motorbike,"[('french fries', 2), ('sandwiches', 1)]",0,60.78,451,1,3.1582
ORD142099,REST0070,CUST09439,COUR2310,-37.8037936,144.9641351,2020-10-29,03:21:45,0,0,Car,"[('veg fritters', 3), ('vegetarian', 3)]",0,112.95,1287,3,2.8315
ORD254340,REST0172,CUST05480,COUR0078,-37.8117936,145.00841599999995,2020-10-06,17:40:13,0,0,Bike,"[('sev puri', 1), ('vada pav', 3), ('chaat', 2)]",0,112.5,8594,43,7.0026
ORD293338,REST0172,CUST10155,COUR4739,-37.8176375,144.9955689,2020-09-04,20:22:25,0,0,Bike,"[('vada pav', 1), ('masala poori', 3), ('sev puri', 2)]",20,98.416,7788,39,6.6478
ORD105263,REST1149,CUST01102,COUR3953,-37.81192100000001,145.0156991,2020-11-20,21:05:56,0,0,Motorbike,"[('coffee', 1), ('chicken sandwich', 1)]",45,14.982000000000001,4965,10,3.9476
ORD039790,REST1563,CUST04520,COUR1309,-37.816804,144.9506582,2020-12-23,10:32:58,0,0,Bike,"[('chicken biryani', 1), ('murgh ghee roast', 2), ('bamboo biryani', 3)]",0,70.06,2873,14,4.0075
ORD233967,REST1149,CUST10049,COUR3558,-37.822348100000006,144.95294769999995,2020-12-04,15:41:32,0,0,Bike,"[('french fries', 3), ('masala tea', 3)]",0,110.01,3230,16,4.6674
ORD024316,REST0070,CUST05424,COUR2663,-37.81402429999999,144.96335530000005,2020-03-20,00:07:54,0,0,Motorbike,"[('noodles', 3), ('veg fritters', 3), ('laksa soup', 1)]",10,104.58,605,1,2.7433
ORD086425,REST1149,CUST00975,COUR2087,-37.8113564,144.96417230000003,2020-01-03,21:13:50,0,0,Car,"[('omelette', 2), ('french omelette', 2), ('french fries', 2), ('poha', 3)]",0,161.44,2648,6,3.5352
ORD099633,REST1149,CUST12372,COUR0217,-37.8061313,144.9441981,2020-01-16,13:03:17,1,0,Bike,"[('chicken sandwich', 1), ('pav bhaji', 1), ('poha', 1), ('sandwiches', 3)]",0,107.5,4867,24,6.8951
ORD079598,REST0172,CUST13724,COUR2240,-37.8134398,144.9740272,2020-08-16,06:23:44,0,1,Car,"[('dahipuri', 3), ('vada pav', 3)]",20,71.808,5778,14,5.386
ORD315830,REST0538,CUST08461,COUR4550,-37.827855,144.9843237,2020-05-01,01:38:54,0,0,Bike,"[('masala papad', 2), ('chicken grill', 2)]",0,59.34,5830,29,5.8064
ORD259491,REST0070,CUST05093,COUR0675,-37.8208816,144.95499109999997,2020-08-03,14:50:06,0,0,Motorbike,"[('noodles', 2), ('coffee', 2), ('vegetarian', 1)]",20,52.36,1936,4,2.8323
ORD108105,REST0538,CUST13429,COUR3369,-37.8030068,145.01701530000003,2020-09-12,02:18:27,0,1,Motorbike,"[('chicken grill', 2), ('biryani', 1), ('masala papad', 1), ('dragon chicken', 3)]",0,135.57,3708,7,4.1775
ORD071074,REST1149,CUST08023,COUR1122,-37.8178766,145.0085414,2020-12-24,19:30:59,1,0,Motorbike,"[('sandwiches', 3), ('chicken sandwich', 2)]",45,43.802,3155,6,5.1835
ORD276254,REST0538,CUST11315,COUR3135,-37.8023972,144.96335980000003,2020-03-26,23:44:10,0,0,Motorbike,"[('roti', 2), ('dragon chicken', 2)]",40,52.656000000000006,6236,12,3.9329
ORD198635,REST1563,CUST03093,COUR1378,-37.8083358,145.0117785,2020-10-25,15:57:21,0,1,Bike,"[('bamboo biryani', 1), ('chicken biryani', 2), ('murgh ghee roast', 3)]",0,74.89,3979,20,5.6077
ORD140553,REST0070,CUST00028,COUR4775,-37.8111201,144.9700211,2020-05-28,22:40:52,0,0,Car,"[('mango salad', 3), ('laksa soup', 1)]",20,21.896,219,1,2.7581
ORD072532,REST0172,CUST06946,COUR1133,-37.8060843,144.9572116,2020-07-09,08:22:25,0,0,Motorbike,"[('sev puri', 3), ('vada pav', 3)]",20,88.08,4202,8,3.6993
ORD096960,REST0070,CUST00392,COUR4865,-37.8200711,144.9844351,2020-08-08,03:41:32,0,1,Motorbike,"[('coffee', 3), ('veg fritters', 3), ('vegetarian', 1), ('noodles', 2)]",20,107.52799999999999,1990,4,4.5375
ORD043874,REST0538,CUST02239,COUR3881,-37.8194441,144.9620309,2020-12-07,22:56:42,0,0,Bike,"[('chicken curry', 1), ('paratha', 3)]",0,66.62,6391,32,5.9735
ORD180489,REST1149,CUST13937,COUR0306,-37.8085511,144.9632138,2020-12-01,02:50:06,0,0,Car,"[('egg roll', 1), ('masala tea', 3)]",45,35.992,2940,7,3.6336
ORD034679,REST0172,CUST06239,COUR1285,-37.8148312,144.937653,2020-08-11,20:06:35,0,0,Car,"[('dahipuri', 3), ('panipuri', 3)]",20,87.624,2126,5,3.3771
ORD147786,REST0172,CUST08220,COUR4280,-37.8158673,144.99964219999995,2020-05-04,12:19:46,1,0,Motorbike,"[('vada pav', 1), ('bhel puri', 1), ('dahipuri', 1), ('chaat', 2)]",45,49.39,8203,16,5.3628
ORD335530,REST1149,CUST12789,COUR0966,-37.8079694,144.9340681,2020-02-13,05:56:02,0,0,Bike,"[('pav bhaji', 3), ('coffee', 2), ('masala tea', 1), ('chicken sandwich', 2)]",0,113.04,5510,28,5.6768
ORD210244,REST0538,CUST05507,COUR1618,-37.8130045,144.9616584,2020-12-12,15:49:27,0,1,Car,"[('roti', 3), ('chicken grill', 3)]",0,141.96,6261,15,5.1029
ORD209507,REST0538,CUST05905,COUR2054,-37.815741,144.95406119999996,2020-03-26,01:15:09,0,0,Bike,"[('chicken grill', 1), ('masala papad', 2)]",0,34.75,6945,35,5.9423
ORD212855,REST1149,CUST08430,COUR4368,-37.8038904,144.9632459,2020-06-12,01:30:59,0,0,Bike,"[('poha', 1), ('omelette', 3)]",20,68.464,3363,17,4.6562
ORD321045,REST1149,CUST12389,COUR1220,-37.8092417,144.9465754,2020-08-26,08:54:03,0,0,Bike,"[('coffee', 2), ('egg roll', 1), ('french omelette', 2), ('poha', 3)]",20,107.96799999999999,4507,23,5.2837
ORD238522,REST1149,CUST09880,COUR1110,-37.82015300000001,144.9428437,2020-08-13,08:14:30,0,0,Car,"[('french fries', 2), ('masala tea', 2), ('chicken sandwich', 1), ('poha', 1)]",20,79.50399999999999,4249,10,3.9116
ORD083586,REST0070,CUST12030,COUR0335,-37.8087783,144.97044250000005,2020-11-11,17:48:07,0,0,Car,"[('vegetarian', 3), ('coffee', 2)]",10,60.705,561,1,2.7430000000000003
ORD120283,REST0172,CUST11288,COUR4429,-37.8086347,144.9548232,2020-01-06,08:26:22,0,0,Car,"[('panipuri', 2), ('vada pav', 1), ('masala poori', 1), ('sev puri', 3)]",20,116.352,3757,9,3.3887
ORD162125,REST0070,CUST04667,COUR1493,-37.80885410000001,144.9362498,2020-01-27,07:15:09,0,0,Car,"[('mango salad', 1), ('babycorn manchurian', 1)]",45,17.551,3408,8,3.4255
ORD286978,REST1149,CUST03257,COUR2997,-37.8006624,144.98234519999997,2020-05-25,09:41:32,0,0,Bike,"[('pav bhaji', 1), ('masala tea', 3)]",0,66.4,3204,16,4.3241
ORD010916,REST0538,CUST00768,COUR3902,-37.8184589,144.9600571,2020-06-08,01:58:40,0,0,Car,"[('biryani', 3), ('dragon chicken', 2), ('chicken curry', 2)]",40,84.84,6541,16,4.0305
ORD294440,REST1563,CUST01588,COUR3364,-37.8234562,144.9949336,2020-08-23,21:13:50,0,1,Bike,"[('bamboo biryani', 3), ('murgh ghee roast', 1), ('garlic naan', 3), ('chicken biryani', 1)]",0,82.76,2563,13,5.0485
ORD135725,REST0538,CUST02004,COUR0328,-37.8103641,144.9802698,2020-09-21,12:19:46,1,0,Motorbike,"[('masala papad', 3), ('chicken grill', 1), ('paratha', 1), ('dragon chicken', 1)]",0,75.6,4414,9,5.2044
ORD274560,REST0538,CUST11336,COUR2615,-37.8207402,144.9417076,2020-03-06,23:40:13,0,0,Motorbike,"[('dragon chicken', 1), ('chicken grill', 2), ('paratha', 1), ('chicken curry', 1)]",45,59.24100000000001,8273,17,4.3472
ORD027289,REST1563,CUST06080,COUR2526,-37.8078058,144.9422467,2020-04-05,20:34:17,0,1,Motorbike,"[('chicken biryani', 3), ('dal makhani', 2)]",20,77.8,3533,7,4.6954
ORD290914,REST0070,CUST02515,COUR0288,-37.814774,145.00660469999997,2020-04-30,03:45:29,0,0,Car,"[('mango salad', 1), ('coffee', 2), ('vegetarian', 2)]",40,34.332,3767,9,3.5293
ORD080612,REST1563,CUST05814,COUR0897,-37.8132615,144.9778051,2020-06-21,03:21:45,0,1,Car,"[('murgh ghee roast', 1), ('dal makhani', 2)]",0,54.82,480,1,3.8504
ORD201378,REST0538,CUST01466,COUR0384,-37.8153503,144.97081169999996,2020-05-26,16:56:42,0,0,Motorbike,"[('dragon chicken', 1), ('masala papad', 3), ('roti', 1), ('chicken curry', 2)]",10,94.176,5507,11,3.9847
ORD102188,REST0070,CUST10704,COUR2411,-37.81507070000001,144.9889123,2020-09-10,02:10:32,0,0,Car,"[('babycorn manchurian', 3), ('noodles', 2), ('coffee', 1)]",20,91.976,2066,5,3.2688
ORD336188,REST1563,CUST04970,COUR4563,-37.8111954,144.9734121,2020-11-09,08:38:14,0,0,Motorbike,"[('dal makhani', 1), ('murgh ghee roast', 1), ('bamboo biryani', 1), ('chicken biryani', 3)]",20,76.376,213,0,2.6957
ORD250938,REST0172,CUST13769,COUR3404,-37.81322520000001,144.959461,2020-11-19,18:31:38,1,0,Motorbike,"[('masala poori', 1), ('dahi aloo puri', 3), ('chaat', 2), ('vada pav', 1)]",0,155.77,4266,9,5.0976
ORD197521,REST1149,CUST07111,COUR1221,-37.8034831,144.9496043,2020-10-26,10:36:55,0,0,Bike,"[('masala tea', 2), ('poha', 1), ('omelette', 2), ('egg roll', 2)]",10,111.88799999999999,4434,22,4.9506
ORD259274,REST1149,CUST00042,COUR0777,-37.8096216,144.9914506,2020-06-28,12:51:25,1,1,Motorbike,"[('omelette', 2), ('poha', 1)]",0,63.76,2291,5,5.8981
ORD277411,REST0538,CUST03382,COUR2145,-37.8237612,144.9562133,2020-06-27,18:15:49,1,1,Car,"[('chicken curry', 1), ('paratha', 1), ('biryani', 1), ('masala papad', 2)]",0,65.4,6947,17,6.781000000000001
ORD238260,REST0538,CUST07475,COUR3617,-37.8133733,145.0087621,2020-07-03,17:00:39,0,0,Bike,"[('dragon chicken', 2), ('roti', 2), ('chicken curry', 3)]",10,140.436,1975,10,3.9763
ORD025147,REST1149,CUST12928,COUR3817,-37.81993660000001,145.0125323,2020-03-11,04:29:00,0,0,Motorbike,"[('french fries', 3), ('pav bhaji', 3), ('french omelette', 3)]",20,101.712,3374,7,3.8196
ORD049417,REST0538,CUST08980,COUR0137,-37.8149716,144.9606149,2020-09-06,06:47:28,0,1,Bike,"[('dragon chicken', 3), ('chicken grill', 1), ('roti', 1), ('biryani', 1)]",45,70.74600000000001,6384,32,6.8152
ORD227835,REST1149,CUST03106,COUR2917,-37.8152966,144.9852804,2020-01-31,09:25:42,0,0,Motorbike,"[('french omelette', 1), ('french fries', 3), ('omelette', 1)]",10,79.848,1418,3,3.4069
ORD090310,REST0172,CUST07676,COUR2079,-37.8218412,144.96271000000004,2020-02-29,03:41:32,0,1,Car,"[('chaat', 2), ('dahipuri', 2), ('masala poori', 2), ('bhel puri', 1)]",0,130.32,4674,11,4.7148
ORD108115,REST0538,CUST03558,COUR0763,-37.8126195,145.0057727,2020-12-01,20:58:01,0,0,Car,"[('chicken curry', 1), ('paratha', 2), ('chicken grill', 3), ('biryani', 1)]",0,143.63,2188,5,3.1939
ORD265486,REST1563,CUST09776,COUR4783,-37.8032826,144.9929998,2020-11-29,23:48:07,0,1,Bike,"[('chicken biryani', 2), ('murgh ghee roast', 1), ('dal makhani', 3)]",0,112.13,2626,13,5.1306
ORD302996,REST0172,CUST09417,COUR1288,-37.8180206,144.96488530000005,2020-07-26,08:34:17,0,1,Motorbike,"[('sev puri', 3), ('masala poori', 3), ('panipuri', 2)]",20,138.32,4928,10,4.8041
ORD206509,REST0070,CUST09698,COUR0937,-37.8080834,145.0088378,2020-03-11,17:48:07,0,0,Bike,"[('coffee', 2), ('veg fritters', 3)]",0,76.78,4122,21,5.0349
ORD095273,REST1149,CUST01501,COUR4841,-37.8181054,144.96913590000003,2020-01-08,06:47:28,0,0,Bike,"[('french fries', 2), ('poha', 3)]",40,59.123999999999995,1678,8,3.8541
ORD155470,REST0538,CUST13160,COUR3778,-37.8118571,144.9361346,2020-05-24,14:06:35,0,1,Motorbike,"[('paratha', 3), ('chicken grill', 3), ('chicken curry', 1), ('masala papad', 3)]",45,85.596,8970,18,5.2395
ORD308321,REST0172,CUST12776,COUR0997,-37.81746079999999,144.9674195,2020-11-23,14:06:35,0,0,Bike,"[('masala poori', 3), ('chaat', 1), ('dahi aloo puri', 1), ('vada pav', 2)]",40,87.678,5148,26,4.8897
ORD107241,REST1563,CUST09157,COUR4231,-37.81519229999999,144.9596078,2020-01-08,21:01:58,0,0,Bike,"[('garlic naan', 2), ('dal makhani', 1), ('chicken biryani', 1), ('bamboo biryani', 3)]",0,88.19,1471,7,3.6015
ORD099466,REST0538,CUST06928,COUR0331,-37.80493970000001,144.95616840000002,2020-06-05,23:20:26,0,0,Bike,"[('dragon chicken', 1), ('masala papad', 1), ('paratha', 1), ('roti', 1)]",20,50.864,6573,33,6.0541
ORD221043,REST0172,CUST03610,COUR0740,-37.8250579,144.94931599999995,2020-03-06,15:13:50,0,0,Car,"[('panipuri', 2), ('chaat', 2), ('dahipuri', 1)]",20,81.632,4144,10,3.7579
ORD251667,REST0070,CUST06276,COUR3640,-37.80716,144.95652969999998,2020-08-11,00:55:23,0,0,Car,"[('babycorn manchurian', 2), ('mango salad', 2), ('noodles', 1), ('laksa soup', 3)]",0,98.84,1794,4,3.2906
ORD198266,REST1563,CUST07226,COUR4244,-37.8201966,144.9462139,2020-03-25,00:59:20,0,0,Motorbike,"[('bamboo biryani', 3), ('murgh ghee roast', 2), ('chicken biryani', 3)]",0,104.8,2819,6,3.4888
ORD313318,REST0070,CUST00909,COUR1618,-37.8260818,144.9806708,2020-03-14,08:38:14,0,1,Car,"[('noodles', 3), ('laksa soup', 3)]",0,67.56,1971,5,4.6159
ORD201550,REST1149,CUST06058,COUR1882,-37.806367,144.9416549,2020-03-09,15:45:29,0,0,Bike,"[('omelette', 1), ('egg roll', 1)]",45,18.986,5045,25,5.1556
ORD301836,REST1149,CUST03924,COUR1067,-37.8210346,144.9474081,2020-09-02,21:13:50,0,0,Car,"[('poha', 1), ('french omelette', 2), ('sandwiches', 2), ('chicken sandwich', 3)]",40,61.403999999999996,3765,9,3.9526
ORD337666,REST1563,CUST12987,COUR1653,-37.8118785,144.9522368,2020-04-14,04:13:11,0,0,Car,"[('chicken biryani', 1), ('bamboo biryani', 3), ('murgh ghee roast', 2), ('dal makhani', 1)]",0,92.63,2468,6,3.219
ORD327054,REST0538,CUST08249,COUR2105,-37.82061160000001,144.9573475,2020-08-18,09:17:48,0,0,Bike,"[('paratha', 3), ('roti', 1)]",0,66.59,6903,35,6.2867
ORD339166,REST1563,CUST13771,COUR2318,-37.8143014,144.9548242,2020-06-21,14:02:38,0,1,Bike,"[('garlic naan', 2), ('murgh ghee roast', 3), ('chicken biryani', 2), ('dal makhani', 2)]",0,123.84,2048,10,4.5324
ORD309235,REST0070,CUST10825,COUR1944,-37.80803579999999,144.95757719999997,2020-04-20,13:54:43,1,0,Motorbike,"[('laksa soup', 1), ('coffee', 1), ('vegetarian', 3)]",40,39.528,1569,3,4.5786
ORD050218,REST0538,CUST07284,COUR3945,-37.8207925,144.9486185,2020-12-28,13:23:04,1,0,Motorbike,"[('chicken curry', 2), ('biryani', 1), ('dragon chicken', 3)]",0,126.83,7635,15,5.9532
ORD192871,REST0070,CUST00858,COUR3704,-37.82076110000001,144.9670767,2020-07-09,06:00:00,0,0,Motorbike,"[('mango salad', 2), ('babycorn manchurian', 3), ('noodles', 2)]",45,66.676,1337,3,3.1447
ORD249832,REST1149,CUST13739,COUR4835,-37.8185145,144.9540726,2020-01-24,19:23:04,1,0,Car,"[('masala tea', 2), ('sandwiches', 2)]",20,64.288,3233,8,5.3296
ORD231469,REST0070,CUST12003,COUR1626,-37.8185114,144.9958011,2020-07-12,19:11:12,1,1,Bike,"[('vegetarian', 3), ('laksa soup', 1), ('mango salad', 1), ('veg fritters', 3)]",0,126.24,2711,14,6.5028
ORD053396,REST1149,CUST00806,COUR2499,-37.8184412,144.958761,2020-01-12,02:22:25,0,1,Motorbike,"[('sandwiches', 2), ('poha', 1), ('french omelette', 2), ('coffee', 2)]",0,127.22,2717,5,4.308
ORD070858,REST1563,CUST04124,COUR4479,-37.8202406,144.9854959,2020-06-05,11:52:05,0,0,Car,"[('murgh ghee roast', 1), ('dal makhani', 3), ('chicken biryani', 3), ('garlic naan', 3)]",20,121.50399999999999,1610,4,2.8325
ORD070871,REST0538,CUST10685,COUR4203,-37.8165701,144.99005780000005,2020-01-26,01:50:46,0,1,Motorbike,"[('paratha', 3), ('masala papad', 1), ('chicken grill', 2), ('roti', 3)]",10,149.679,3990,8,4.4169
ORD007784,REST1149,CUST04220,COUR0137,-37.8212735,144.9835621,2020-09-09,20:26:22,0,0,Bike,"[('masala tea', 2), ('omelette', 1)]",40,34.188,604,3,3.1374
ORD224355,REST0538,CUST05993,COUR2369,-37.81322,144.97127880000005,2020-12-22,21:17:48,0,0,Car,"[('chicken grill', 3), ('chicken curry', 2), ('biryani', 2)]",0,155.01,5549,13,4.0863
ORD152869,REST0172,CUST07516,COUR0783,-37.8172867,144.9459811,2020-12-11,17:52:05,0,0,Motorbike,"[('sev puri', 2), ('dahipuri', 1), ('dahi aloo puri', 3)]",0,127.41,3028,6,4.7497500000000015
ORD065536,REST0172,CUST01488,COUR4995,-37.8177472,144.9691229,2020-01-07,06:07:54,0,0,Car,"[('panipuri', 1), ('bhel puri', 1), ('sev puri', 2), ('masala poori', 2)]",0,125.25,5472,13,4.1338
ORD301944,REST0538,CUST04970,COUR1520,-37.8111954,144.9734121,2020-05-18,08:02:38,0,0,Car,"[('masala papad', 3), ('paratha', 3), ('chicken grill', 2)]",40,64.968,5209,13,3.8628
ORD247659,REST1149,CUST04025,COUR2836,-37.81932000000001,144.98348149999995,2020-11-06,09:05:56,0,0,Bike,"[('poha', 2), ('sandwiches', 1), ('egg roll', 3), ('french fries', 3)]",20,126.568,1082,5,3.3757
ORD271823,REST0172,CUST04529,COUR1190,-37.8147677,144.94913480000002,2020-02-13,17:52:05,0,0,Car,"[('dahipuri', 2), ('masala poori', 2)]",0,70.44,4582,11,3.6269
ORD039658,REST0070,CUST00503,COUR3640,-37.798917,144.9356823,2020-09-25,16:44:50,0,0,Car,"[('noodles', 1), ('babycorn manchurian', 1), ('mango salad', 2), ('laksa soup', 1)]",10,55.323,3836,9,3.6832
ORD016382,REST1563,CUST12676,COUR2630,-37.8041425,144.9498345,2020-02-11,07:03:17,0,0,Car,"[('chicken biryani', 1), ('garlic naan', 3), ('dal makhani', 2), ('murgh ghee roast', 3)]",0,113.93,2865,7,3.6888
ORD193592,REST1563,CUST08901,COUR4916,-37.8034919,144.9665299,2020-09-06,07:42:51,0,1,Motorbike,"[('murgh ghee roast', 1), ('dal makhani', 2)]",45,30.151,1461,3,3.5446
ORD230420,REST1149,CUST09488,COUR0110,-37.7997592,144.95761090000005,2020-05-22,09:57:21,0,0,Car,"[('chicken sandwich', 1), ('sandwiches', 3), ('french fries', 2)]",20,89.52,4107,10,3.8641
ORD041746,REST0172,CUST08545,COUR3778,-37.8201847,144.978879,2020-10-01,02:50:06,0,0,Motorbike,"[('bhel puri', 2), ('dahipuri', 1)]",45,26.763,6314,13,4.3216
ORD294990,REST1563,CUST09603,COUR4671,-37.8128738,144.96418530000003,2020-06-26,14:06:35,0,0,Bike,"[('bamboo biryani', 3), ('chicken biryani', 2), ('murgh ghee roast', 2)]",45,48.086000000000006,1088,5,3.5849
ORD347244,REST1149,CUST04788,COUR2987,-37.8049069,144.92556530000004,2020-11-11,06:59:20,0,0,Bike,"[('coffee', 1), ('omelette', 3), ('french omelette', 2), ('egg roll', 1)]",20,94.992,6344,32,6.2336
ORD174924,REST0070,CUST05586,COUR0959,-37.8116138,144.9381312,2020-05-13,16:40:52,0,0,Bike,"[('veg fritters', 2), ('noodles', 1), ('coffee', 3)]",45,44.27,3713,19,4.7876
ORD284189,REST1563,CUST02348,COUR0468,-37.8006905,145.00969880000005,2020-04-26,09:09:53,0,1,Car,"[('murgh ghee roast', 3), ('garlic naan', 1)]",40,21.9,4289,10,2.34155
ORD209411,REST0172,CUST01543,COUR1232,-37.81638579999999,144.9911876,2020-06-28,04:25:03,0,1,Motorbike,"[('chaat', 3), ('sev puri', 2)]",40,61.68,7384,15,5.0423
ORD242710,REST1149,CUST08485,COUR3035,-37.8009979,144.9566807,2020-01-25,00:23:44,0,1,Bike,"[('omelette', 3), ('masala tea', 3), ('coffee', 1), ('poha', 2)]",0,179.76,4003,20,5.9584
ORD094297,REST0538,CUST10306,COUR1248,-37.8246967,144.93636809999995,2020-11-28,15:25:42,0,1,Car,"[('dragon chicken', 1), ('masala papad', 3)]",0,36.39,8914,21,5.6973
ORD207637,REST0538,CUST12153,COUR0252,-37.8036084,144.9627146,2020-03-17,08:58:01,0,0,Motorbike,"[('masala papad', 3), ('chicken grill', 2), ('dragon chicken', 2), ('paratha', 3)]",20,120.464,6207,12,3.6769
ORD289115,REST0070,CUST01461,COUR2316,-37.8145317,144.9711395,2020-02-23,21:17:48,0,1,Motorbike,"[('vegetarian', 3), ('mango salad', 3), ('noodles', 2), ('coffee', 3)]",45,70.91199999999999,431,1,3.844
ORD230190,REST1563,CUST02510,COUR0636,-37.81491010000001,144.958935,2020-03-10,10:32:58,0,0,Car,"[('murgh ghee roast', 1), ('bamboo biryani', 1)]",40,12.474,5359,13,3.7461
ORD260817,REST0538,CUST10621,COUR4110,-37.8055627,144.9576716,2020-05-09,19:58:40,1,1,Bike,"[('paratha', 2), ('roti', 3), ('chicken grill', 1)]",0,122.02,6367,32,8.4714
ORD019334,REST0538,CUST05455,COUR1669,-37.8115767,144.9662735,2020-04-19,17:52:05,0,1,Bike,"[('masala papad', 2), ('roti', 1), ('biryani', 2)]",10,61.748999999999995,5825,29,3.28085
ORD036848,REST1563,CUST05784,COUR2314,-37.810275,144.94273940000005,2020-11-15,19:30:59,1,1,Car,"[('chicken biryani', 1), ('dal makhani', 1), ('murgh ghee roast', 2), ('garlic naan', 1)]",0,66.76,4480,11,6.044
ORD037365,REST0172,CUST02584,COUR1907,-37.8029465,144.9616284,2020-05-02,05:12:31,0,1,Motorbike,"[('chaat', 1), ('panipuri', 2), ('bhel puri', 1), ('sev puri', 2)]",40,75.252,4941,10,5.0957
ORD294418,REST1149,CUST12816,COUR2569,-37.8191593,144.964517,2020-12-13,15:49:27,0,1,Bike,"[('pav bhaji', 3), ('french omelette', 2), ('masala tea', 2)]",40,57.24,2208,11,4.6996
ORD099185,REST0538,CUST10889,COUR3730,-37.8152075,144.9449512,2020-04-21,01:30:59,0,0,Bike,"[('chicken grill', 1), ('paratha', 3), ('chicken curry', 3), ('dragon chicken', 1)]",10,142.092,7592,38,6.1626
ORD282279,REST0070,CUST03761,COUR4708,-37.8193915,144.9529999,2020-07-08,13:46:48,1,0,Car,"[('coffee', 3), ('babycorn manchurian', 2)]",0,73.2,1840,4,4.3921
ORD292185,REST1149,CUST00524,COUR1555,-37.8132701,144.9549523,2020-03-19,18:03:57,1,0,Motorbike,"[('pav bhaji', 1), ('omelette', 1), ('poha', 1), ('egg roll', 1)]",40,40.98,3491,7,5.0023
ORD235582,REST1563,CUST04501,COUR0877,-37.8221633,144.9681243,2020-07-18,04:01:19,0,1,Bike,"[('chicken biryani', 3), ('murgh ghee roast', 3), ('dal makhani', 1)]",40,62.232,1616,8,4.6337
ORD169341,REST1563,CUST00384,COUR1690,-37.8120653,144.9465208,2020-04-23,23:16:29,0,0,Car,"[('bamboo biryani', 1), ('dal makhani', 3)]",45,43.351000000000006,3519,8,3.7579
ORD292977,REST0070,CUST11061,COUR1311,-37.8067504,144.95299709999995,2020-11-06,10:36:55,0,0,Motorbike,"[('noodles', 3), ('vegetarian', 1), ('coffee', 1), ('mango salad', 1)]",0,80.94,2034,4,2.6977
ORD245191,REST1149,CUST06660,COUR0348,-37.8222687,144.9506507,2020-08-09,12:23:44,1,1,Car,"[('sandwiches', 2), ('pav bhaji', 3)]",45,47.398999999999994,3380,8,6.2249
ORD105993,REST0538,CUST08160,COUR2629,-37.8167792,145.0055926,2020-10-21,20:50:06,0,0,Car,"[('paratha', 1), ('chicken grill', 3)]",0,88.39,2573,6,3.2321
ORD268945,REST1563,CUST00410,COUR0786,-37.8246816,144.988878,2020-06-25,03:25:42,0,0,Car,"[('dal makhani', 2), ('garlic naan', 1)]",0,52.6,2269,5,3.012
ORD115702,REST0538,CUST09493,COUR4444,-37.7996797,144.9575006,2020-01-08,02:22:25,0,0,Bike,"[('biryani', 2), ('paratha', 1)]",0,50.34,6648,33,5.9844
ORD015479,REST1149,CUST00912,COUR4961,-37.8149599,144.9546275,2020-04-01,11:12:31,0,0,Car,"[('chicken sandwich', 2), ('sandwiches', 3), ('coffee', 3), ('omelette', 1)]",20,132.336,3373,8,3.8861
ORD094957,REST0070,CUST12962,COUR0367,-37.8114653,144.9528619,2020-01-18,08:50:06,0,1,Motorbike,"[('coffee', 1), ('vegetarian', 2), ('mango salad', 1)]",20,39.52,1814,4,4.0705
ORD162917,REST1149,CUST05604,COUR3318,-37.8142938,144.9389889,2020-05-16,17:44:10,0,1,Car,"[('french fries', 3), ('french omelette', 2), ('omelette', 1)]",0,98.35,4892,12,5.3382
ORD280136,REST0538,CUST09648,COUR2563,-37.8018235,145.0034743,2020-04-03,20:02:38,0,0,Motorbike,"[('chicken curry', 1), ('paratha', 2), ('biryani', 3), ('masala papad', 3)]",40,72.492,3113,6,3.2854
ORD136993,REST0070,CUST11899,COUR4435,-37.803216600000006,144.97398,2020-03-11,06:15:49,0,0,Car,"[('mango salad', 2), ('vegetarian', 2), ('noodles', 3)]",0,97.43,1272,3,3.0446
ORD328501,REST1149,CUST07264,COUR4260,-37.8203841,144.94954099999995,2020-10-31,10:21:05,0,1,Motorbike,"[('french omelette', 1), ('sandwiches', 3), ('chicken sandwich', 3)]",0,95.19,3609,7,4.5705
ORD024630,REST0172,CUST11570,COUR0182,-37.8090099,144.94898830000002,2020-08-24,23:20:26,0,0,Bike,"[('vada pav', 3), ('bhel puri', 2)]",40,51.708,3467,17,4.3471
ORD154476,REST1563,CUST02031,COUR2631,-37.8017725,144.9508824,2020-01-15,10:56:42,0,0,Bike,"[('dal makhani', 2), ('garlic naan', 2)]",20,48.048,2828,14,4.2127
ORD063537,REST0172,CUST06827,COUR0547,-37.8026123,144.9705446,2020-09-09,08:14:30,0,0,Car,"[('sev puri', 2), ('bhel puri', 1), ('chaat', 1)]",40,47.111999999999995,5660,14,3.7983
ORD304390,REST0172,CUST06599,COUR2550,-37.8256995,144.9827761,2020-06-19,16:17:08,0,0,Bike,"[('bhel puri', 3), ('masala poori', 3)]",10,107.89200000000001,6674,33,5.9479999999999995
ORD079737,REST0070,CUST13524,COUR2373,-37.8148868,144.9647378,2020-12-28,10:29:00,0,0,Bike,"[('noodles', 2), ('laksa soup', 1)]",0,38.79,596,3,3.1797
ORD292673,REST0172,CUST00732,COUR3926,-37.8138149,144.959666,2020-04-23,16:01:19,0,0,Bike,"[('panipuri', 3), ('bhel puri', 2), ('masala poori', 1)]",0,128.11,4398,22,5.2045
ORD291198,REST0538,CUST08496,COUR3128,-37.8163425,144.9373093,2020-02-17,20:46:09,0,0,Bike,"[('biryani', 3), ('paratha', 2)]",20,66.256,8443,42,7.3898
ORD066938,REST1563,CUST03343,COUR2605,-37.8095974,144.9535538,2020-09-22,03:29:40,0,0,Bike,"[('bamboo biryani', 3), ('garlic naan', 1), ('chicken biryani', 3)]",0,92.9,2387,12,3.6575
ORD260958,REST1563,CUST02984,COUR4037,-37.7992141,144.9622938,2020-10-28,13:46:48,1,0,Car,"[('chicken biryani', 3), ('dal makhani', 1), ('bamboo biryani', 3)]",45,59.406000000000006,2242,5,4.7656
ORD069324,REST0070,CUST10591,COUR1849,-37.8065586,144.93250600000005,2020-12-04,21:21:45,0,0,Bike,"[('laksa soup', 1), ('vegetarian', 1), ('coffee', 1), ('mango salad', 1)]",0,38.38,3862,19,4.4704
ORD130992,REST0538,CUST06896,COUR0132,-37.8054993,144.9591122,2020-02-07,15:33:37,0,0,Car,"[('chicken curry', 3), ('biryani', 1)]",0,86.14,6248,15,6.400500000000001
ORD307528,REST1563,CUST02785,COUR2703,-37.79980870000001,144.96716630000003,2020-08-05,17:12:31,0,0,Car,"[('murgh ghee roast', 3), ('dal makhani', 3), ('bamboo biryani', 3)]",0,130.08,1866,4,2.6546
ORD001785,REST0070,CUST02385,COUR4938,-37.8194074,144.94962080000005,2020-12-09,02:22:25,0,0,Motorbike,"[('noodles', 3), ('babycorn manchurian', 1), ('laksa soup', 1), ('coffee', 1)]",10,78.975,2202,4,2.8548
ORD058091,REST0172,CUST07966,COUR2399,-37.8132915,144.97355919999995,2020-06-08,13:58:40,1,0,Bike,"[('chaat', 3), ('panipuri', 3), ('vada pav', 3), ('bhel puri', 2)]",10,197.685,5731,29,7.4551
ORD083978,REST0538,CUST07239,COUR4356,-37.8210485,144.9473608,2020-02-25,20:14:30,0,0,Car,"[('dragon chicken', 2), ('chicken curry', 2)]",45,48.301,7750,19,4.5365
ORD071508,REST1149,CUST00477,COUR4534,-37.8126683,144.9430737,2020-02-24,01:23:04,0,0,Motorbike,"[('masala tea', 2), ('chicken sandwich', 3)]",0,52.92,4493,9,3.7598
ORD093622,REST1563,CUST07257,COUR2314,-37.82072470000001,144.94867549999995,2020-04-29,01:34:56,0,0,Car,"[('dal makhani', 3), ('chicken biryani', 2), ('garlic naan', 2)]",40,70.422,2562,6,3.2984
ORD031947,REST0172,CUST04528,COUR0931,-37.8151819,144.94933600000005,2020-02-24,15:41:32,0,0,Car,"[('dahi aloo puri', 3), ('chaat', 2), ('sev puri', 1)]",0,136.59,4581,11,3.6332
ORD037396,REST1149,CUST00986,COUR4677,-37.81344110000001,144.9683085,2020-02-08,06:35:36,0,1,Bike,"[('masala tea', 2), ('egg roll', 2), ('coffee', 3)]",20,99.616,2116,11,4.6723
ORD128716,REST0172,CUST00551,COUR2374,-37.8206671,144.9660763,2020-12-17,06:39:33,0,0,Bike,"[('panipuri', 3), ('sev puri', 1)]",0,90.19,4935,25,5.0036
ORD106263,REST1149,CUST11203,COUR0988,-37.80134810000001,144.9429151,2020-02-05,05:24:23,0,0,Motorbike,"[('sandwiches', 2), ('chicken sandwich', 2)]",0,57.04,5143,10,3.9597
ORD152029,REST0172,CUST07924,COUR2916,-37.813219,144.9738874,2020-02-02,23:36:15,0,1,Motorbike,"[('dahi aloo puri', 3), ('dahipuri', 1), ('vada pav', 2), ('chaat', 1)]",20,113.992,5771,12,4.897
ORD261075,REST1563,CUST09112,COUR3917,-37.8155909,144.95264,2020-09-02,08:22:25,0,0,Bike,"[('dal makhani', 3), ('murgh ghee roast', 3), ('chicken biryani', 1)]",0,114.12,2212,11,3.8999
ORD035006,REST1563,CUST04676,COUR1401,-37.8023569,144.9780705,2020-07-05,22:48:47,0,1,Car,"[('dal makhani', 3), ('garlic naan', 1), ('murgh ghee roast', 2)]",0,94.53,1263,3,4.3383
ORD156635,REST0070,CUST08430,COUR3067,-37.8038904,144.9632459,2020-08-06,14:02:38,0,0,Bike,"[('noodles', 3), ('mango salad', 1), ('coffee', 1), ('babycorn manchurian', 3)]",0,138.28,1352,7,3.2445
ORD129634,REST0172,CUST04525,COUR3245,-37.8165191,144.9503159,2020-09-22,07:46:48,0,0,Car,"[('panipuri', 2), ('vada pav', 2), ('masala poori', 1)]",10,92.50200000000001,4301,10,3.3279
ORD047782,REST1563,CUST08387,COUR0376,-37.8017065,144.96366519999995,2020-05-23,20:06:35,0,1,Motorbike,"[('garlic naan', 2), ('dal makhani', 1), ('murgh ghee roast', 3)]",0,66.53,1860,4,3.9027
ORD044351,REST0172,CUST04641,COUR2361,-37.806212,144.9353959,2020-05-11,14:54:03,0,0,Car,"[('masala poori', 3), ('bhel puri', 1)]",45,46.354,3334,8,3.3685
ORD016319,REST0172,CUST07584,COUR0379,-37.8180479,144.9486133,2020-12-29,15:37:34,0,0,Motorbike,"[('dahipuri', 2), ('dahi aloo puri', 1), ('vada pav', 1)]",10,61.083,3407,7,4.97925
ORD067100,REST0538,CUST01044,COUR4910,-37.8163392,144.9287765,2020-10-06,11:32:18,0,0,Car,"[('dragon chicken', 2), ('chicken grill', 2)]",0,91.48,10037,24,5.0853
ORD101643,REST1149,CUST07367,COUR3713,-37.8232838,144.97001909999997,2020-12-01,19:23:04,1,0,Motorbike,"[('masala tea', 1), ('french fries', 2), ('omelette', 1)]",0,77.58,1429,3,4.7116
ORD145675,REST0172,CUST09595,COUR1115,-37.8094473,145.0099419,2020-07-01,06:27:41,0,0,Car,"[('chaat', 2), ('dahipuri', 1)]",0,55.14,8879,21,4.9401
ORD026165,REST0538,CUST03888,COUR3157,-37.817873,144.9486698,2020-09-05,02:06:35,0,1,Bike,"[('masala papad', 3), ('roti', 1), ('biryani', 3), ('chicken curry', 1)]",0,114.31,7543,38,7.5306
ORD227843,REST0070,CUST03884,COUR4719,-37.8210134,144.9472586,2020-01-27,14:54:03,0,0,Motorbike,"[('laksa soup', 3), ('babycorn manchurian', 2)]",0,68.49,2380,5,3.1397
ORD330322,REST0538,CUST08454,COUR0171,-37.8019171,144.9571681,2020-05-03,02:58:01,0,1,Motorbike,"[('biryani', 3), ('dragon chicken', 1)]",20,59.784,6615,13,4.8902
ORD229287,REST1563,CUST10423,COUR3158,-37.8195356,144.96165159999995,2020-10-16,07:15:09,0,0,Car,"[('chicken biryani', 3), ('bamboo biryani', 3)]",10,76.896,1656,4,3.114
ORD059956,REST1149,CUST06772,COUR0983,-37.8039159,144.96996140000005,2020-11-11,19:50:46,1,0,Car,"[('french fries', 3), ('omelette', 1), ('chicken sandwich', 2), ('sandwiches', 1)]",0,113.53,2946,7,4.9718
ORD334350,REST1563,CUST12898,COUR4088,-37.819966,144.96544509999995,2020-06-20,14:42:11,0,1,Car,"[('dal makhani', 1), ('garlic naan', 2)]",10,33.741,1773,4,3.9966
ORD314239,REST0070,CUST04501,COUR0648,-37.8221633,144.9681243,2020-10-23,03:41:32,0,0,Car,"[('mango salad', 2), ('noodles', 2)]",40,27.971999999999998,1384,3,2.9231
ORD160338,REST1563,CUST01173,COUR3473,-37.809416,144.9894544,2020-09-06,09:41:32,0,1,Car,"[('garlic naan', 1), ('dal makhani', 3), ('chicken biryani', 3)]",0,127.28,1712,4,4.3829
ORD198562,REST1149,CUST13865,COUR0590,-37.8166063,144.96994919999997,2020-12-21,08:30:19,0,0,Bike,"[('poha', 1), ('chicken sandwich', 2)]",0,31.96,1745,9,3.9987
ORD110620,REST0070,CUST09982,COUR4667,-37.799822,144.9620769,2020-05-18,00:07:54,0,0,Motorbike,"[('noodles', 3), ('vegetarian', 1), ('laksa soup', 1), ('veg fritters', 2)]",0,113.09,1900,4,2.6259
ORD055738,REST0538,CUST00253,COUR3944,-37.7998315,144.9929005,2020-03-26,02:14:30,0,0,Motorbike,"[('chicken grill', 3), ('roti', 3)]",0,141.96,3701,7,3.6057
ORD278430,REST0538,CUST09955,COUR2335,-37.8113458,144.9669715,2020-05-26,16:25:03,0,0,Bike,"[('biryani', 2), ('paratha', 3), ('masala papad', 3), ('dragon chicken', 2)]",40,82.272,6718,34,5.8996
ORD000084,REST1563,CUST11289,COUR2380,-37.808531,144.95472790000005,2020-03-13,04:05:16,0,0,Bike,"[('bamboo biryani', 3), ('chicken biryani', 3), ('dal makhani', 1), ('garlic naan', 1)]",0,115.47,2232,11,3.6194
ORD075663,REST0172,CUST07338,COUR2336,-37.8199486,144.9685642,2020-01-21,20:34:17,0,0,Bike,"[('chaat', 1), ('dahipuri', 3), ('dahi aloo puri', 1)]",0,85.11,5139,26,5.5395
ORD348288,REST1149,CUST01243,COUR4642,-37.80307970000001,144.97997990000005,2020-11-21,19:46:48,1,1,Bike,"[('coffee', 1), ('french fries', 2), ('pav bhaji', 1), ('french omelette', 2)]",0,92.42,2917,15,6.7978
ORD195164,REST0070,CUST09380,COUR3274,-37.8171703,144.9645963,2020-02-24,20:42:11,0,0,Car,"[('mango salad', 3), ('laksa soup', 1), ('babycorn manchurian', 3), ('coffee', 2)]",10,105.85799999999999,918,2,2.7430000000000003
ORD120680,REST1563,CUST06207,COUR0030,-37.815411,144.9354421,2020-03-16,20:58:01,0,0,Motorbike,"[('chicken biryani', 1), ('bamboo biryani', 1)]",0,28.48,4044,8,3.4495
ORD308968,REST0538,CUST00704,COUR3642,-37.8098444,144.9938212,2020-01-21,11:04:36,0,0,Motorbike,"[('paratha', 3), ('masala papad', 3)]",0,59.1,3102,6,3.0502
ORD125661,REST0172,CUST08568,COUR0673,-37.8175006,145.0040993,2020-12-08,07:19:07,0,0,Car,"[('dahi aloo puri', 2), ('masala poori', 2)]",0,94.1,8609,21,4.8053
ORD331137,REST0172,CUST06528,COUR0098,-37.8241756,144.98348330000005,2020-06-06,10:32:58,0,1,Motorbike,"[('dahi aloo puri', 2), ('dahipuri', 3), ('bhel puri', 2)]",0,124.56,6733,13,4.6854
ORD234516,REST0070,CUST04710,COUR3309,-37.8035614,144.9181009,2020-09-23,16:17:08,0,0,Bike,"[('noodles', 2), ('babycorn manchurian', 3)]",20,85.72,5176,26,5.305
ORD316618,REST0538,CUST03251,COUR0541,-37.8013482,144.99436540000005,2020-03-01,01:03:17,0,1,Car,"[('chicken curry', 3), ('paratha', 3)]",40,67.28399999999999,3429,8,4.6258
ORD063481,REST0070,CUST00689,COUR3698,-37.8007693,144.9952303,2020-02-16,01:54:43,0,1,Motorbike,"[('coffee', 3), ('babycorn manchurian', 1)]",10,43.497,3396,7,4.6438
ORD163453,REST0070,CUST02179,COUR2119,-37.8032789,144.9464093,2020-02-23,20:02:38,0,1,Motorbike,"[('coffee', 3), ('babycorn manchurian', 3), ('veg fritters', 1), ('noodles', 1)]",0,134.72,2781,6,4.238
ORD005898,REST0070,CUST03467,COUR4950,-37.8234936,144.9948725,2020-01-09,03:13:50,0,0,Bike,"[('babycorn manchurian', 2), ('vegetarian', 1)]",20,53.608000000000004,2966,15,4.3582
ORD162907,REST0172,CUST00794,COUR4153,-37.8010098,144.97241609999998,2020-08-06,07:42:51,0,0,Bike,"[('dahipuri', 2), ('bhel puri', 3), ('masala poori', 1)]",0,101.68,5912,30,5.8838
ORD197353,REST0172,CUST10019,COUR2210,-37.8103255,145.0019927,2020-11-12,13:19:07,1,0,Motorbike,"[('bhel puri', 3), ('masala poori', 2)]",10,87.948,7998,16,5.8872
ORD250336,REST0538,CUST10387,COUR1659,-37.8028336,144.93545580000003,2020-04-04,10:13:11,0,1,Car,"[('masala papad', 1), ('paratha', 2), ('roti', 2)]",0,79.78,8922,21,5.7749
ORD101237,REST0538,CUST12894,COUR1043,-37.8064471,144.9325031,2020-12-15,09:21:45,0,0,Car,"[('paratha', 2), ('dragon chicken', 3)]",0,92.69,8759,21,4.9862
ORD177121,REST1149,CUST05848,COUR3035,-37.8105946,144.9832324,2020-04-14,23:36:15,0,0,Bike,"[('coffee', 3), ('pav bhaji', 1)]",20,62.096000000000004,1915,10,3.9205
ORD249293,REST1149,CUST07004,COUR0177,-37.8070658,144.95555819999996,2020-05-28,01:15:09,0,0,Car,"[('french omelette', 2), ('poha', 1), ('coffee', 3), ('french fries', 3)]",0,160.61,3826,9,3.8819
ORD070422,REST1149,CUST03224,COUR4588,-37.8111596,144.9295583,2020-07-22,18:55:23,1,0,Car,"[('omelette', 3), ('french fries', 2)]",10,93.27600000000001,6503,16,6.0422
ORD028717,REST1149,CUST09486,COUR1027,-37.8038062,144.9574888,2020-07-23,10:01:19,0,0,Bike,"[('french fries', 2), ('sandwiches', 1), ('coffee', 2)]",0,103.42,4114,21,5.3993
ORD030072,REST1563,CUST11190,COUR3290,-37.80750020000001,144.9484362,2020-11-24,08:06:35,0,0,Car,"[('garlic naan', 1), ('bamboo biryani', 2)]",20,23.744,2890,7,1.67305
ORD308388,REST1563,CUST12711,COUR1177,-37.8120741,144.9744185,2020-10-01,16:17:08,0,0,Bike,"[('dal makhani', 1), ('chicken biryani', 3)]",40,44.808,41,0,2.3501
ORD221937,REST0172,CUST09951,COUR0797,-37.8149607,144.95945769999997,2020-04-13,22:01:19,0,0,Car,"[('sev puri', 3), ('dahi aloo puri', 1), ('bhel puri', 1), ('vada pav', 2)]",0,135.93,6973,17,4.2888
ORD322734,REST1563,CUST02246,COUR4231,-37.8191118,144.96348999999995,2020-08-26,02:38:14,0,0,Bike,"[('chicken biryani', 2), ('bamboo biryani', 1), ('murgh ghee roast', 3)]",20,59.912,1486,7,3.035
ORD063061,REST0538,CUST06113,COUR0664,-37.8043975,144.9419878,2020-11-03,22:40:52,0,0,Bike,"[('masala papad', 3), ('dragon chicken', 3)]",40,47.214,7744,39,6.7124
ORD091387,REST0172,CUST12087,COUR2819,-37.7990064,144.96316389999996,2020-09-14,19:50:46,1,0,Bike,"[('masala poori', 3), ('vada pav', 2), ('bhel puri', 3), ('sev puri', 1)]",0,173.44,5377,27,6.8399
ORD292942,REST0538,CUST09517,COUR4162,-37.81092570000001,145.00415800000005,2020-12-27,15:05:56,0,1,Car,"[('chicken curry', 1), ('biryani', 3)]",0,76.34,2180,5,4.1024
ORD236783,REST0070,CUST07589,COUR0255,-37.8133778,144.9384642,2020-12-10,10:21:05,0,0,Bike,"[('babycorn manchurian', 3), ('veg fritters', 1)]",40,56.994,3664,18,4.7538
ORD032924,REST0172,CUST12270,COUR0768,-37.82332570000001,144.9607415,2020-12-11,05:12:31,0,0,Bike,"[('masala poori', 2), ('dahi aloo puri', 3)]",0,118.99,4496,22,4.9873
ORD008558,REST0538,CUST11759,COUR4262,-37.8256605,144.9979241,2020-05-16,15:45:29,0,1,Motorbike,"[('paratha', 3), ('chicken grill', 1), ('chicken curry', 1), ('roti', 2)]",20,109.336,4106,8,4.4122
ORD009514,REST1563,CUST10246,COUR2867,-37.8209795,144.9687295,2020-04-02,15:09:53,0,0,Bike,"[('bamboo biryani', 2), ('dal makhani', 3)]",0,89.93,1447,7,3.2321
ORD334525,REST0172,CUST13917,COUR4561,-37.8135444,144.9655326,2020-11-29,16:21:05,0,1,Motorbike,"[('vada pav', 1), ('dahipuri', 1)]",0,29.92,4879,10,5.2015
ORD300383,REST0172,CUST07456,COUR4398,-37.8201023,144.968385,2020-09-19,14:50:06,0,1,Bike,"[('dahipuri', 2), ('vada pav', 2)]",0,59.84,5122,26,6.4319
ORD178386,REST1563,CUST07653,COUR0718,-37.8136879,144.9407992,2020-09-15,17:48:07,0,0,Motorbike,"[('garlic naan', 2), ('dal makhani', 2)]",0,60.06,3509,7,3.2845
ORD070495,REST1563,CUST01305,COUR0267,-37.8088356,144.983731,2020-07-22,03:29:40,0,0,Car,"[('chicken biryani', 2), ('garlic naan', 1), ('murgh ghee roast', 3)]",0,71.24,1199,3,3.2267
ORD303034,REST1563,CUST08638,COUR0534,-37.8014968,144.9548846,2020-10-15,07:03:17,0,0,Motorbike,"[('garlic naan', 2), ('murgh ghee roast', 2), ('dal makhani', 2), ('chicken biryani', 1)]",20,77.432,2531,5,3.2358
ORD183518,REST1149,CUST12659,COUR2442,-37.8035063,144.9499743,2020-12-31,10:09:13,0,0,Motorbike,"[('pav bhaji', 2), ('omelette', 3), ('sandwiches', 3)]",45,88.319,4432,9,3.3629
ORD120725,REST1563,CUST00192,COUR3005,-37.8088956,144.9577571,2020-08-28,04:56:42,0,0,Bike,"[('dal makhani', 1), ('garlic naan', 2), ('bamboo biryani', 3)]",0,70.82,1911,10,3.6148
ORD138587,REST0172,CUST05868,COUR4652,-37.8075656,144.9424015,2020-01-21,16:36:55,0,0,Car,"[('sev puri', 1), ('bhel puri', 3), ('masala poori', 2), ('vada pav', 3)]",0,168.14,3540,8,3.7260000000000004
