order_id,restaurant_id,customer_id,carrier_id,customer_lat,customer_lon,date,time,is_peak_time,is_weekend,carrier_vehicle,shopping_cart,coupon_discount,order_price,shortest_distance_to_customer,travel_time_minutes,restaurant_rating,delivery_charges
ORD059161,REST0538,CUST05463,COUR2457,-37.8134421,144.96542150000002,2020-09-09,15:57:21,0,0,Motorbike,"[('chicken grill', 1), ('chicken curry', 1)]",0,47.35,5965,12,8.79,3.9726
ORD347678,REST0538,CUST11804,COUR3087,-37.8011215,144.9627191,2020-12-13,11:32:18,0,1,Car,"[('roti', 3), ('chicken curry', 3), ('biryani', 3), ('masala papad', 1)]",20,156.104,6283,15,7.03,5.0109
ORD172792,REST0538,CUST00556,COUR2135,-37.8214213,144.9639248,2020-07-21,04:36:55,0,0,Motorbike,"[('chicken grill', 2), ('paratha', 3), ('masala papad', 1)]",0,98.12,6181,12,7.03,3.9546
ORD171343,REST0172,CUST00156,COUR4090,-37.814128600000004,145.004671,2020-07-08,17:44:10,0,0,Car,"[('panipuri', 3), ('masala poori', 1)]",40,55.506,8528,20,8.72,4.5482
ORD201323,REST0172,CUST11938,COUR1646,-37.801516299999996,144.9802451,2020-07-26,06:23:44,0,1,Motorbike,"[('vada pav', 1), ('masala poori', 3)]",10,75.006,6534,13,6.98,4.5854
ORD148701,REST1149,CUST01631,COUR0359,-37.815090600000005,145.0060096,2020-02-17,06:00:00,0,0,Bike,"[('sandwiches', 2), ('masala tea', 1)]",10,56.502,3145,16,5.58,4.683
ORD006977,REST0538,CUST07664,COUR4748,-37.814236799999996,144.9372396,2020-05-04,17:36:15,0,0,Motorbike,"[('chicken curry', 2), ('chicken grill', 3)]",40,71.574,8752,18,7.03,4.7934
ORD336133,REST0172,CUST13240,COUR4930,-37.8209583,144.97668000000002,2020-11-05,14:38:14,0,0,Motorbike,"[('vada pav', 3), ('chaat', 2), ('dahi aloo puri', 1), ('bhel puri', 1)]",40,81.21,6230,12,6.98,3.9542
ORD204664,REST0070,CUST10216,COUR0165,-37.799007200000005,144.96999319999998,2020-07-12,07:46:48,0,1,Bike,"[('coffee', 3), ('mango salad', 2)]",40,22.524,1605,8,8.72,4.6335
ORD222047,REST0538,CUST12220,COUR2996,144.9415725,-37.8206237,2020-03-27,05:36:15,0,0,Bike,"[('roti', 2), ('masala papad', 2), ('chicken curry', 3)]",40,74.34,8290,41,7.03,6.7855
ORD211279,REST0070,CUST05145,COUR3874,-37.824369,144.9525705,2020-03-05,23:12:31,0,0,Bike,"[('veg fritters', 2), ('coffee', 1)]",10,43.722,2493,12,6.98,3.5472
ORD013803,REST0070,CUST03001,COUR4018,-37.8018354,144.980529,2020-06-07,10:40:52,0,1,Car,"[('mango salad', 2), ('noodles', 2)]",0,46.62,1885,5,8.72,4.05
ORD225401,REST0172,CUST07833,COUR4168,-37.8161745,144.9838446,2020-07-28,07:15:09,0,0,Bike,"[('sev puri', 3), ('dahipuri', 2), ('bhel puri', 2), ('masala poori', 3)]",45,103.246,6659,33,6.98,5.8437
ORD157658,REST1563,CUST11608,COUR4452,-37.8201743,144.965127,2020-01-07,11:44:10,0,0,Motorbike,"[('murgh ghee roast', 1), ('chicken biryani', 2), ('bamboo biryani', 2)]",10,59.976,1532,3,9.12,2.7336
ORD201488,REST0172,CUST04218,COUR1978,-37.8197721,144.9809341,2020-08-27,02:30:19,0,0,Car,"[('masala poori', 2), ('panipuri', 2)]",20,72.976,6377,15,6.98,4.3653
ORD263036,REST0172,CUST00905,COUR0600,-37.8279536,144.98649319999998,2020-08-03,03:41:32,0,0,Car,"[('masala poori', 2), ('chaat', 3), ('vada pav', 2)]",40,84.696,7188,17,8.72,4.4511
ORD012810,REST1149,CUST03118,COUR4709,-37.81449370000001,144.9882813,2020-08-02,12:47:28,1,1,car,"[('pav bhaji', 1), ('masala tea', 2), ('french fries', 2), ('chicken sandwich', 2)]",0,98.84,1658,4,6.98,5.9851
ORD259054,REST1563,CUST12742,COUR3891,-37.8161952,144.9287407,2020-10-08,03:41:32,0,0,Car,"[('chicken biryani', 3), ('murgh ghee roast', 1), ('bamboo biryani', 3)]",20,76.096,5500,13,9.12,4.2296
ORD208492,REST1563,CUST12567,COUR3042,-37.81894260000001,144.9525861,2020-05-10,16:09:13,0,1,Bike,"[('bamboo biryani', 3), ('garlic naan', 2)]",0,48.25,2211,11,7.3,4.3178
ORD238955,REST0538,CUST03393,COUR0415,-37.816983799999996,144.977853,2020-01-28,06:31:38,0,0,Bike,"[('biryani', 3), ('paratha', 2), ('dragon chicken', 3)]",20,117.016,5196,26,7.03,5.243
ORD086993,REST0172,CUST06579,COUR2936,-37.825721200000004,144.9845267,2020-01-13,11:24:23,0,0,Car,"[('masala poori', 1), ('dahi aloo puri', 1), ('panipuri', 1), ('sev puri', 2)]",0,110.18,6733,16,8.72,4.2463
ORD097476,REST1149,CUST04479,COUR1889,-37.8185196,144.9752084,2020-10-06,18:59:20,1,0,Motorbike,"[('masala tea', 2), ('egg roll', 1)]",0,47.86,1354,3,6.98,4.8368
ORD327411,REST0538,CUST00578,COUR2941,-37.8159158,144.9688873,2020-09-28,05:32:18,0,0,Bike,"[('biryani', 3), ('masala papad', 2), ('dragon chicken', 2), ('roti', 2)]",45,83.325,5692,28,7.03,5.1139
ORD205438,REST0070,CUST08419,COUR3705,-37.8031088,144.9634489,2020-02-08,07:11:12,0,1,Car,"[('noodles', 1), ('mango salad', 1), ('babycorn manchurian', 1), ('laksa soup', 1)]",45,29.937,1426,3,8.72,3.8114
ORD019299,REST1149,CUST12990,COUR2210,-37.811959,144.951797,2020-07-10,00:39:33,0,0,Motorbike,"[('masala tea', 3), ('pav bhaji', 3)]",0,93.72,3897,21,6.98,3.7104
ORD148439,REST0070,CUST13855,COUR3810,-37.818168,144.9651264,2020-06-03,23:48:07,0,0,Motorbike,"[('mango salad', 2), ('laksa soup', 2), ('coffee', 1)]",20,27.52,1037,2,6.98,3.0639
ORD231482,REST0070,CUST02942,COUR3023,-37.8018159,144.9763155,2020-07-27,18:07:54,1,1,Bike,"[('coffee', 2), ('laksa soup', 2)]",0,28.14,1590,8,8.72,5.1322
ORD313816,REST1149,CUST05952,COUR4392,-37.8205299,144.9661119,2020-10-07,09:41:32,0,0,Motorbike,"[('french omelette', 1), ('sandwiches', 3), ('pav bhaji', 1), ('egg roll', 1)]",45,57.085,1898,4,5.58,3.5584
ORD343284,REST0538,CUST03980,COUR1472,-37.8239708,144.9438094,2020-06-12,12:47:28,1,0,Car,"[('chicken grill', 1), ('dragon chicken', 2), ('masala papad', 1)]",10,64.773,8137,7,8.79,5.9358
ORD181802,REST1149,CUST10282,COUR1747,-37.8068963,144.9746492,2020-03-28,10:40:52,0,1,Motorbike,"[('poha', 1), ('chicken sandwich', 2), ('pav bhaji', 2), ('egg roll', 2)]",0,84.68,2738,5,5.58,4.5148
ORD164410,REST0538,CUST06454,COUR4433,-37.816059,144.9721774,2020-04-15,08:14:30,0,0,Car,"[('chicken grill', 3), ('dragon chicken', 2)]",40,116.07,5382,13,8.79,3.9813
ORD021970,REST1149,CUST00824,COUR0549,-37.816235600000006,144.96004419999997,2020-07-14,02:34:17,0,0,Bike,"[('coffee', 3), ('sandwiches', 3), ('chicken sandwich', 1), ('omelette', 1)]",45,87.725,2766,14,6.98,4.6605
ORD299587,REST1563,CUST01202,COUR0811,-37.804658399999994,144.98881540000002,2020-10-13,06:00:00,0,0,Car,"[('bamboo biryani', 1), ('garlic naan', 2)]",10,23.427,2081,5,9.12,2.9766
ORD249537,REST0172,CUST01900,COUR3372,-37.8243677,144.9924436,2020-05-06,03:01:58,0,0,Bike,"[('chaat', 2), ('sev puri', 2), ('masala poori', 1)]",0,103.92,7435,37,8.72,6.2746
ORD097424,REST0070,CUST03122,COUR2478,-37.813364799999995,144.9884655,2020-01-19,01:19:07,0,1,Motorbike,"[('veg fritters', 2), ('laksa soup', 3), ('coffee', 1)]",40,40.398,2011,4,6.98,3.9589
ORD164113,REST0172,CUST03057,COUR4591,-37.802364700000005,144.9718769,2020-04-05,14:38:14,0,1,Bike,"[('bhel puri', 1), ('masala poori', 1), ('chaat', 1)]",45,33.55,5775,29,8.72,6.1663
ORD054687,REST1149,CUST12092,COUR1745,-37.8242654,145.0149792,2020-06-06,15:41:32,0,1,Motorbike,"[('omelette', 2), ('egg roll', 1), ('french omelette', 2)]",0,75.6,3322,7,5.58,4.7241
ORD164068,REST0172,CUST11770,COUR2315,-37.8197385,144.970092,2020-07-28,23:32:18,0,0,Motorbike,"[('masala poori', 1), ('bhel puri', 3)]",0,75.56,5305,11,8.72,3.8311
ORD261943,REST1149,CUST12570,COUR3635,-37.8190265,144.9525854,2020-06-18,18:39:33,1,0,Car,"[('french fries', 3), ('french omelette', 2), ('pav bhaji', 1), ('poha', 2)]",0,130.43,3377,8,6.98,5.4548
ORD292504,REST0070,CUST12831,COUR1669,-37.8002592,144.9354195,2020-05-01,21:01:58,0,0,Bike,"[('mango salad', 1), ('vegetarian', 1), ('coffee', 3), ('veg fritters', 3)]",0,108.91,6161,31,6.98,5.7187
ORD170210,REST0538,CUST03588,COUR1584,-37.8148679,144.9350931,2020-05-29,15:25:42,0,0,Motorbike,"[('roti', 3), ('chicken curry', 1)]",0,90.95,8646,17,7.03,4.2215
ORD247814,REST0172,CUST12734,COUR4330,-37.8152344,144.9275802,2020-07-19,06:39:33,0,1,Car,"[('chaat', 2), ('masala poori', 2)]",40,86.4,110,0,8.72,3.2914
ORD338045,REST1149,CUST12965,COUR2121,-37.8113191,144.9528176,2020-08-04,11:24:23,0,0,Bike,"[('sandwiches', 1), ('pav bhaji', 3)]",0,63.58,3803,19,6.98,4.8263
ORD113880,REST0070,CUST06802,COUR2039,-37.8041243,144.9586853,2020-05-08,05:12:31,0,0,Car,"[('veg fritters', 3), ('laksa soup', 3), ('noodles', 1), ('mango salad', 2)]",0,110.24,1573,4,8.72,3.0086
ORD263679,REST0172,CUST02146,COUR4369,-37.804626,144.95133930000003,2020-03-08,16:09:13,0,1,Car,"[('chaat', 2), ('masala poori', 1), ('bhel puri', 2), ('sev puri', 1)]",0,119.68,3997,10,8.72,4.9623
ORD122840,REST0172,CUST05545,COUR1174,-37.8138089,144.949104,2020-07-29,09:05:56,0,0,Bike,"[('bhel puri', 1), ('panipuri', 1), ('vada pav', 2), ('dahipuri', 3)]",0,114.15,4825,24,8.72,5.035
ORD185174,REST1149,CUST07239,COUR2036,-37.821048499999996,144.9473608,2020-04-07,23:56:02,0,0,Motorbike,"[('sandwiches', 2), ('omelette', 1), ('coffee', 2)]",10,98.694,3770,4,5.58,4.4585
ORD292485,REST0070,CUST09765,COUR3267,-37.823731,144.98269130000003,2020-11-14,14:54:03,0,1,Motorbike,"[('vegetarian', 2), ('mango salad', 2), ('noodles', 3), ('laksa soup', 3)]",20,92.944,1934,4,8.72,3.7478
ORD056474,REST0538,CUST05984,COUR4509,-37.8196115,144.9688632,2020-05-23,18:47:28,1,1,Motorbike,"[('biryani', 1), ('dragon chicken', 2), ('roti', 1), ('masala papad', 2)]",0,93.05,5735,11,7.03,6.3937
ORD178725,REST0172,CUST09393,COUR0529,-37.8122458,144.9621679,2020-03-20,03:29:40,0,0,Car,"[('vada pav', 2), ('chaat', 3), ('dahipuri', 3)]",20,108.816,4482,11,6.98,3.7306
ORD006654,REST1563,CUST12571,COUR4260,-37.81743710000001,144.95264419999998,2020-08-01,05:56:02,0,1,Motorbike,"[('bamboo biryani', 1), ('chicken biryani', 2)]",10,41.265,2139,4,9.12,3.6196
ORD065152,REST1563,CUST10911,COUR0824,-37.799722700000004,144.97405890000002,2020-06-19,03:37:34,0,0,Motorbike,"[('bamboo biryani', 3), ('chicken biryani', 2), ('dal makhani', 2)]",45,62.266,1557,3,7.3,3.2136
ORD205582,REST1563,CUST11219,COUR2223,-37.801877399999995,144.9461521,2020-01-11,00:07:54,0,1,Bike,"[('murgh ghee roast', 1), ('dal makhani', 1)]",20,25.8,3176,16,7.3,5.4028
ORD092168,REST0538,CUST12488,COUR3433,-37.819283399999996,144.95270119999998,2020-06-04,13:58:40,0,0,Motorbike,"[('chicken curry', 2), ('chicken grill', 3)]",40,71.574,7259,15,8.79,5.4826
ORD007374,REST0070,CUST06190,COUR3778,-37.815068700000005,144.93541430000002,2020-09-01,09:41:32,0,0,Motorbike,"[('noodles', 3), ('coffee', 3), ('laksa soup', 3), ('veg fritters', 1)]",0,111.4,3522,7,8.72,3.5323
ORD306829,REST0172,CUST01915,COUR0848,-37.822897,144.97139769999998,2020-07-29,19:46:48,1,0,Motorbike,"[('panipuri', 3), ('vada pav', 3), ('dahi aloo puri', 1), ('bhel puri', 2)]",0,163.278,5423,11,6.98,5.1388
ORD020682,REST1149,CUST08349,COUR3026,-37.815016299999996,144.9523001,2020-10-14,09:05:56,0,0,Car,"[('coffee', 1), ('french omelette', 3)]",10,45.189,3629,9,6.98,3.9859
ORD294707,REST0172,CUST03074,COUR1195,-37.7999955,144.9719925,2020-10-08,16:13:11,0,0,Car,"[('dahipuri', 2), ('panipuri', 1)]",0,49.57,6040,14,8.72,3.8326
ORD059138,REST0538,CUST08563,COUR2487,-37.813899299999996,145.0072957,2020-03-03,16:36:55,0,0,Bike,"[('paratha', 3), ('masala papad', 1)]",40,29.364,2140,11,8.79,3.8952
ORD062204,REST1563,CUST05291,COUR4871,-37.817526799999996,144.96855290000002,2020-10-13,07:07:15,0,0,Bike,"[('murgh ghee roast', 3), ('chicken biryani', 2), ('dal makhani', 3)]",0,131.49,1427,7,7.3,3.2113
ORD201838,REST0172,CUST12323,COUR4742,-37.8166359,144.95865890000002,2020-08-06,19:27:01,1,0,Bike,"[('masala poori', 2), ('dahipuri', 1), ('vada pav', 1), ('dahi aloo puri', 1)]",0,99.13,4264,21,8.72,6.2634
ORD258571,REST0172,CUST07854,COUR0482,-37.8165934,144.983953,2020-07-31,16:05:16,0,0,Motorbike,"[('panipuri', 3), ('dahi aloo puri', 3), ('chaat', 1)]",0,166.06,6684,13,6.98,4.1835
ORD062242,REST0172,CUST06609,COUR3092,-37.824387,144.982992,2020-05-06,21:01:58,0,0,Bike,"[('dahipuri', 2), ('vada pav', 3), ('panipuri', 1), ('bhel puri', 2)]",0,135.75,6674,33,8.72,6.0348
ORD103558,REST1563,CUST06149,COUR1637,-37.808052200000006,144.957721,2020-02-22,01:19:07,0,1,Bike,"[('garlic naan', 3), ('dal makhani', 3)]",0,90.09,1932,10,7.3,4.4203
ORD037275,REST0070,CUST03340,COUR4587,-37.8111533,144.9456368,2020-08-21,21:05:56,0,0,Bike,"[('laksa soup', 2), ('veg fritters', 2)]",0,53.26,2583,13,8.72,4.2072
ORD294697,REST1563,CUST13996,COUR2690,-37.81044179999999,144.9614008,2020-05-21,06:15:49,0,0,Car,"[('murgh ghee roast', 3), ('bamboo biryani', 2)]",45,28.193,1545,4,9.12,2.857
ORD265012,REST1149,CUST07702,COUR0475,-37.7936925,144.9475187,2020-10-22,16:52:44,0,0,Bike,"[('sandwiches', 1), ('pav bhaji', 2), ('coffee', 3)]",0,113.88,5151,26,6.98,5.6409
ORD280027,REST0172,CUST08318,COUR2284,-37.813159000000006,144.9515139,2020-11-11,01:46:48,0,0,Bike,"[('masala poori', 2), ('dahi aloo puri', 2), ('vada pav', 1), ('panipuri', 1)]",0,134.41,3368,17,8.72,4.6067
ORD339182,REST1563,CUST01712,COUR2750,-37.821620700000004,145.003319,2020-07-08,21:33:37,0,0,Motorbike,"[('garlic naan', 1), ('murgh ghee roast', 2), ('chicken biryani', 2)]",0,61.56,3190,6,9.12,3.419
ORD331023,REST0538,CUST08211,COUR4509,-37.8188428,145.0017772,2020-09-06,11:08:34,0,1,Motorbike,"[('chicken grill', 3), ('masala papad', 2), ('roti', 1), ('paratha', 2)]",0,135.9,3137,6,7.03,4.1716
ORD280381,REST0172,CUST13257,COUR2357,-37.8189857,144.9738619,2020-12-16,14:26:22,0,0,Motorbike,"[('vada pav', 3), ('dahi aloo puri', 2), ('dahipuri', 1)]",40,68.052,5695,11,6.98,3.7456
ORD235503,REST0172,CUST08122,COUR3837,-37.816506,145.0056917,2020-02-12,21:41:32,0,0,Car,"[('masala poori', 1), ('dahipuri', 2), ('bhel puri', 3)]",0,101.68,8746,21,8.72,4.8851
ORD337113,REST1563,CUST04396,COUR4932,-37.823326200000004,144.9720465,2020-08-05,03:25:42,0,0,Car,"[('bamboo biryani', 2), ('dal makhani', 3), ('garlic naan', 3), ('chicken biryani', 2)]",0,147.05,1936,5,9.12,3.3017
ORD002780,REST1563,CUST00770,COUR4371,-37.797684000000004,144.94127969999997,2020-03-30,00:15:49,0,0,Motorbike,"[('garlic naan', 2), ('chicken biryani', 3), ('bamboo biryani', 3), ('dal makhani', 3)]",0,168.07,3784,8,9.12,3.5943
ORD333510,REST1149,CUST02848,COUR0937,-37.821149600000005,144.9918618,2020-01-08,01:42:51,0,0,Bike,"[('chicken sandwich', 1), ('french fries', 3)]",10,56.871,1299,6,6.98,3.2999
ORD314173,REST1149,CUST03516,COUR4330,-37.811849,144.9382358,2020-07-14,22:01:19,0,0,Car,"[('coffee', 1), ('poha', 2), ('egg roll', 3)]",0,99.66,5493,13,6.98,4.1094
ORD091592,REST1149,CUST13431,COUR3205,-37.7999953,145.0149822,2020-03-05,20:14:30,0,0,Motorbike,"[('omelette', 1), ('french fries', 1), ('sandwiches', 3), ('masala tea', 1)]",0,126.29,5532,11,6.98,3.8078
ORD348633,REST0172,CUST03032,COUR2355,-37.8021655,144.9645182,2020-09-30,15:41:32,0,1,Bike,"[('vada pav', 3), ('bhel puri', 1), ('chaat', 2), ('dahipuri', 1)]",10,111.168,5242,26,6.98,5.0867
ORD156896,REST1563,CUST08170,COUR2019,-37.816517299999994,145.00563359999998,2020-17-01,12:39:33,1,0,Bike,"[('chicken biryani', 3), ('garlic naan', 2), ('bamboo biryani', 2), ('dal makhani', 3)]",0,156.96,3110,16,7.3,5.9477
ORD083351,REST0172,CUST12610,COUR0176,-37.8042543,144.94920430000002,2020-09-30,16:36:55,0,0,Bike,"[('masala poori', 1), ('chaat', 1)]",0,43.2,3978,20,8.72,4.854
ORD307510,REST1149,CUST12213,COUR0607,-37.824612200000004,144.9528441,2020-07-21,08:54:03,0,0,Car,"[('omelette', 3), ('coffee', 3), ('masala tea', 1), ('egg roll', 3)]",0,185.1,3195,8,5.58,3.9539
ORD260850,REST0538,CUST13188,COUR3397,-37.819443400000004,144.9768094,2020-06-01,11:24:23,0,0,Motorbike,"[('chicken curry', 1), ('dragon chicken', 2), ('chicken grill', 1), ('biryani', 1)]",0,107.51,5634,11,8.79,3.8155
ORD206876,REST0172,CUST06062,COUR2136,-37.8053722,144.94091830000002,2020-02-07,13:46:48,1,0,Motorbike,"[('dahi aloo puri', 1), ('masala poori', 3), ('panipuri', 3)]",0,161.72,3561,7,6.98,4.7821
ORD315416,REST1563,CUST04617,COUR2628,-37.8123988,144.94717219999998,2020-06-28,17:04:36,0,1,Car,"[('garlic naan', 1), ('murgh ghee roast', 3), ('chicken biryani', 3)]",40,53.166,3869,9,7.3,4.3846
ORD272372,REST1149,CUST05283,COUR0114,-37.819575799999996,144.96324860000001,2020-07-22,11:28:21,0,0,Car,"[('french fries', 1), ('poha', 3)]",0,79.45,2172,5,5.58,3.2904
ORD241934,REST0070,CUST01264,COUR0172,-37.7996998,144.97715159999998,2020-10-09,03:01:58,0,0,Car,"[('veg fritters', 1), ('coffee', 2), ('vegetarian', 2)]",10,63.504,1796,4,8.72,3.439
ORD192298,REST0172,CUST08497,COUR4185,-37.815892,144.9382513,2020-12-18,10:56:42,0,0,Car,"[('sev puri', 1), ('bhel puri', 1), ('masala poori', 3), ('chaat', 2)]",0,146.2,2007,5,8.72,3.2506
ORD335892,REST0172,CUST07414,COUR1525,-37.8207156,144.96950569999998,2020-01-05,22:44:50,0,1,Motorbike,"[('dahipuri', 2), ('masala poori', 2), ('panipuri', 1)]",10,84.501,5306,11,8.72,5.2054
ORD040398,REST1563,CUST13714,COUR0372,-37.8155869,144.96661,2020-05-13,09:17:48,0,0,Car,"[('garlic naan', 1), ('bamboo biryani', 3), ('murgh ghee roast', 1)]",20,40.376,879,2,7.3,2.7648
ORD160954,REST1563,CUST07573,COUR3257,144.9484878,-37.817915299999996,2020-08-22,10:36:55,0,1,Motorbike,"[('murgh ghee roast', 2), ('garlic naan', 2)]",20,27.424,2537,5,9.12,4.1481
ORD006204,REST0070,CUST11136,COUR1765,-37.8072912,144.9444704,2020-01-14,06:23:44,0,0,Car,"[('mango salad', 2), ('laksa soup', 1)]",20,16.264,2841,7,8.72,3.4407
ORD174910,REST0070,CUST00023,COUR2028,-37.808432,144.97163740000002,2020-08-22,20:38:14,0,1,Motorbike,"[('mango salad', 3), ('babycorn manchurian', 1), ('laksa soup', 3), ('vegetarian', 2)]",0,99.28,672,1,6.98,3.8781
ORD063649,REST1149,CUST02768,COUR4036,-37.8178794,144.99298480000002,2020-04-23,12:43:30,1,0,Motorbike,"[('french omelette', 2), ('coffee', 2), ('sandwiches', 2)]",0,107.1,1663,3,6.98,4.7322
ORD204365,REST0538,CUST13718,COUR0671,-37.8148482,144.96913840000002,2020-03-08,21:29:40,0,1,Bike,"[('paratha', 1), ('roti', 3), ('chicken grill', 1)]",0,107.4,5690,28,8.79,6.4541
ORD258220,REST1149,CUST00021,COUR2890,-37.8098683,144.9666843,2020-11-04,13:03:17,1,0,Bike,"[('french omelette', 1), ('coffee', 2), ('omelette', 1)]",0,74.09,2540,13,5.58,5.6722
ORD114215,REST1563,CUST06290,COUR1088,-37.8072427,144.9582705,2020-12-15,04:52:44,0,0,Motorbike,"[('murgh ghee roast', 2), ('dal makhani', 2)]",20,51.6,1870,4,9.12,3.1217
ORD344690,REST0070,CUST13793,COUR4390,-37.8100262,144.9695131,2020-10-21,02:30:19,0,0,Bike,"[('coffee', 3), ('babycorn manchurian', 3)]",0,98.07,332,2,6.98,2.8203
ORD224135,REST1149,CUST01016,COUR4291,-37.80162979999999,144.9211476,2020-07-07,21:57:21,0,0,Car,"[('sandwiches', 2), ('poha', 3), ('coffee', 1)]",40,76.128,6859,16,6.98,4.7799
ORD253315,REST1563,CUST03739,COUR2337,-37.805577500000005,144.9857969,2020-04-17,23:16:29,0,0,Bike,"[('garlic naan', 1), ('murgh ghee roast', 2)]",0,26.82,1772,9,9.12,3.3145
ORD328399,REST0538,CUST05640,COUR2166,-37.8132995,144.93704019999998,2020-03-27,09:37:34,0,0,Motorbike,"[('paratha', 3), ('roti', 2), ('dragon chicken', 1)]",45,60.759,8501,17,8.79,4.6381
ORD168598,REST1149,CUST07909,COUR3171,-37.8168386,144.98988899999998,2020-04-24,14:10:32,0,0,Bike,"[('french omelette', 3), ('omelette', 3)]",0,94.35,1474,7,6.98,3.9058
ORD268432,REST1149,CUST02555,COUR2945,-37.8038968,145.00363159999998,2020-10-01,08:18:27,0,0,Motorbike,"[('chicken sandwich', 3), ('coffee', 2), ('poha', 1), ('french omelette', 2)]",0,99.78,3882,8,6.98,3.8338
ORD130676,REST1149,CUST12302,COUR4024,-37.811791,144.9565361,2020-10-20,04:29:00,0,0,Motorbike,"[('french omelette', 2), ('omelette', 2)]",0,62.9,3408,7,6.98,3.6925
ORD140933,REST0172,CUST04443,COUR3147,-37.8215102,144.9307248,2020-08-17,07:38:54,0,0,Car,"[('chaat', 1), ('masala poori', 3), ('dahipuri', 3)]",0,126.7,2686,6,6.98,3.327
ORD268370,REST0538,CUST12616,COUR4986,-37.80437620000001,144.949041,2020-03-06,22:21:05,0,0,Motorbike,"[('paratha', 1), ('biryani', 3), ('dragon chicken', 1)]",45,49.142,7247,14,8.79,3.6841
ORD234088,REST0538,CUST10844,COUR4970,-37.8118438,145.00041519999996,2020-08-22,20:22:25,0,1,Car,"[('chicken curry', 2), ('paratha', 3)]",45,49.159,4092,6,7.03,4.5055
ORD102757,REST0172,CUST03966,COUR0741,-37.8041339,144.9564001,2020-10-04,10:09:13,0,1,Motorbike,"[('chaat', 2), ('sev puri', 2)]",0,81.76,4303,9,8.72,4.4764
ORD104595,REST0172,CUST02681,COUR4000,-37.80045689999999,144.99754109999998,2020-05-16,16:01:19,0,1,Car,"[('masala poori', 2), ('sev puri', 2)]",0,84.0,8297,20,8.72,5.5839
ORD188003,REST1563,CUST03873,COUR2986,-37.7991834,144.97632819999998,2020-10-19,07:54:43,0,0,Motorbike,"[('bamboo biryani', 1), ('dal makhani', 2), ('chicken biryani', 1), ('garlic naan', 1)]",0,81.08,1607,3,7.3,2.9086
ORD133699,REST1149,CUST06345,COUR3501,-37.8070489,144.95830569999998,2020-07-13,11:48:07,0,0,Bike,"[('sandwiches', 1), ('coffee', 2), ('pav bhaji', 1)]",10,71.01,3528,18,5.58,4.8681
ORD333145,REST0172,CUST12833,COUR3904,-37.8000152,144.935183,2020-06-07,13:19:07,1,1,Motorbike,"[('sev puri', 3), ('chaat', 1), ('bhel puri', 2)]",45,63.888,4217,8,6.98,5.8775
ORD230288,REST0538,CUST04571,COUR3183,-37.814187100000005,144.9502546,2020-05-27,23:24:23,0,0,Bike,"[('paratha', 2), ('chicken curry', 1)]",0,52.0,9108,46,8.79,7.2228
ORD275638,REST1149,CUST10903,COUR4515,-37.8067098,144.9490039,2020-02-07,04:52:44,0,0,Car,"[('french fries', 3), ('chicken sandwich', 3), ('masala tea', 1), ('poha', 1)]",40,67.638,4382,11,6.98,4.1637
ORD187857,REST0070,CUST02159,COUR4920,-37.8036204,144.94899980000002,2020-10-16,16:09:13,0,0,Car,"[('vegetarian', 1), ('veg fritters', 3), ('coffee', 1)]",40,51.738,2535,6,8.72,3.3983
ORD332455,REST1149,CUST07557,COUR1027,-37.8106761,144.9394491,2020-06-08,19:46:48,1,0,Bike,"[('poha', 1), ('omelette', 2)]",10,57.384,4883,24,5.58,6.951
ORD001457,REST1149,CUST05978,COUR1913,-37.8211609,144.9672094,2020-04-11,06:03:57,0,1,Car,"[('masala tea', 1), ('pav bhaji', 2), ('poha', 3)]",0,105.26,1678,4,6.98,4.5468
ORD117605,REST0070,CUST07373,COUR0744,-37.821492,144.969235,2020-05-27,11:00:39,0,0,Car,"[('laksa soup', 3), ('coffee', 2), ('veg fritters', 1)]",0,54.77,1267,3,8.72,3.4566
ORD045346,REST0538,CUST00228,COUR4740,-37.8251161,144.96428590000002,2020-10-10,22:21:05,0,1,Motorbike,"[('paratha', 3), ('chicken curry', 2), ('biryani', 2)]",0,125.1,6309,13,7.03,5.0724
ORD253028,REST1149,CUST05458,COUR0576,-37.80636320000001,144.95827419999998,2020-08-13,07:58:40,0,0,Bike,"[('egg roll', 3), ('chicken sandwich', 1)]",45,24.211,3486,17,6.98,4.7168
ORD085932,REST0538,CUST00225,COUR0023,-37.820919700000005,144.9578977,2020-01-16,08:34:17,0,0,Motorbike,"[('dragon chicken', 2), ('chicken curry', 3), ('biryani', 3)]",45,90.288,6817,14,8.79,3.9735
ORD338112,REST1149,CUST03477,COUR4163,-37.813837799999995,144.9912847,2020-03-04,19:15:09,1,0,Bike,"[('french omelette', 3), ('chicken sandwich', 1), ('french fries', 2)]",0,72.99,1879,9,5.58,5.2361
ORD276370,REST0070,CUST13660,COUR0913,-37.816970500000004,144.9610493,2020-11-27,03:45:29,0,0,Car,"[('noodles', 3), ('mango salad', 3)]",0,69.93,1079,3,6.98,3.0168
ORD045369,REST1563,CUST12485,COUR4109,-37.8191696,144.9522589,2020-12-05,16:44:50,0,1,Bike,"[('chicken biryani', 3), ('murgh ghee roast', 2), ('garlic naan', 2), ('bamboo biryani', 1)]",20,78.0,2231,11,7.3,4.8498
ORD285799,REST1149,CUST03569,COUR0237,-37.8034599,144.9541489,2020-01-12,02:54:03,0,1,Bike,"[('french omelette', 3), ('coffee', 2), ('pav bhaji', 3), ('poha', 2)]",45,84.012,4013,20,5.58,6.1157
ORD078098,REST0172,CUST12214,COUR0897,-37.8243312,144.95246880000002,2020-04-19,02:22:25,0,1,Car,"[('masala poori', 2), ('chaat', 2), ('vada pav', 2)]",40,72.072,3567,9,6.98,4.6955
ORD182629,REST0070,CUST07852,COUR3733,-37.8166176,144.9838127,2020-05-27,09:41:32,0,0,Car,"[('veg fritters', 3), ('laksa soup', 1)]",40,40.434,6905,4,6.98,3.0455
ORD293641,REST0172,CUST10202,COUR3068,-37.8040123,144.9692993,2020-02-26,17:40:13,0,0,Motorbike,"[('chaat', 2), ('dahipuri', 3), ('dahi aloo puri', 1)]",0,106.15,5433,11,8.72,3.8825
ORD305145,REST0172,CUST13759,COUR4499,-37.8152447,144.9524092,2020-10-18,14:26:22,0,1,Bike,"[('masala poori', 3), ('dahi aloo puri', 1)]",10,82.233,3604,18,6.98,5.4058
ORD159703,REST1149,CUST11723,COUR0771,-37.809982,144.9645405,2020-08-21,21:13:50,0,0,Motorbike,"[('french fries', 2), ('pav bhaji', 2), ('french omelette', 2), ('chicken sandwich', 2)]",0,96.6,2751,6,5.58,3.2368
ORD348283,REST1563,CUST03344,COUR1590,-37.8102911,144.9530923,2020-09-18,19:07:15,1,0,Car,"[('chicken biryani', 2), ('bamboo biryani', 1)]",40,27.51,2399,6,7.3,4.3982
ORD233633,REST0172,CUST06681,COUR1899,-37.807931700000005,144.97170380000003,2020-11-24,02:54:03,0,0,motorbike,"[('chaat', 3), ('dahi aloo puri', 1)]",0,88.01,5277,26,6.98,5.3839
ORD308734,REST0172,CUST13301,COUR4456,-37.7998387,144.95782340000002,2020-29-11,15:01:58,0,1,Bike,"[('vada pav', 2), ('bhel puri', 2), ('chaat', 2)]",40,66.84,4841,24,8.72,6.2565
ORD160244,REST0070,CUST00517,COUR2881,-37.8129674,144.9559964,2020-03-21,14:06:35,0,1,Motorbike,"[('laksa soup', 1), ('vegetarian', 2)]",40,24.474,1431,3,8.72,3.8841
ORD311563,REST0538,CUST08054,COUR1336,-37.8198023,145.01167900000002,2020-03-22,13:34:56,1,1,bike,"[('masala papad', 3), ('biryani', 3)]",0,68.82,2892,14,7.03,6.7477
ORD276531,REST1563,CUST10421,COUR4950,-37.813221999999996,144.951286,2020-08-16,14:58:01,0,1,Bike,"[('bamboo biryani', 2), ('garlic naan', 1), ('dal makhani', 2), ('chicken biryani', 1)]",0,92.19,2496,12,7.3,4.9389
ORD333886,REST0070,CUST04839,COUR4235,-37.808791299999996,144.9422183,2020-03-14,14:10:32,0,1,Bike,"[('veg fritters', 3), ('coffee', 2), ('laksa soup', 1)]",0,83.03,2913,15,6.98,5.1137
ORD181904,REST0538,CUST09263,COUR1465,-37.813483700000006,144.9656425,2020-07-20,16:40:52,0,0,Bike,"[('roti', 1), ('dragon chicken', 2)]",40,39.018,5906,30,8.79,5.8276
ORD149764,REST0172,CUST06243,COUR2916,-37.8147988,144.9377038,2020-06-13,11:12:31,0,1,Motorbike,"[('vada pav', 1), ('sev puri', 2), ('dahipuri', 1), ('dahi aloo puri', 2)]",0,119.38,2129,4,6.98,3.8824
ORD059218,REST1563,CUST13666,COUR4275,-37.817563299999996,144.9590139,2020-03-07,16:01:19,0,1,Car,"[('chicken biryani', 3), ('dal makhani', 3), ('murgh ghee roast', 1), ('bamboo biryani', 1)]",0,140.61,1583,4,9.12,4.047
ORD309516,REST0070,CUST13948,COUR0408,-37.8133248,144.9513498,2020-12-26,02:26:22,0,1,Motorbike,"[('coffee', 2), ('babycorn manchurian', 3), ('laksa soup', 3), ('vegetarian', 2)]",0,143.54,1926,4,8.72,4.5245
ORD312774,REST1563,CUST05144,COUR0823,-37.8244413,144.9526875,2020-09-30,21:25:42,0,0,Car,"[('murgh ghee roast', 1), ('chicken biryani', 3), ('dal makhani', 3)]",40,77.7,2762,7,7.3,3.1386
ORD313332,REST1563,CUST07367,COUR2533,-37.8232838,144.97001909999997,2020-08-23,12:19:46,1,1,Motorbike,"[('murgh ghee roast', 1), ('dal makhani', 1), ('chicken biryani', 1)]",0,49.62,1706,3,7.3,5.531
ORD097565,REST0172,CUST05405,COUR1695,-37.815233,144.96564880000003,2020-09-12,12:27:41,1,0,Bike,"[('dahi aloo puri', 3), ('bhel puri', 3)]",40,76.842,4980,25,8.72,7.7903
ORD237727,REST1149,CUST10406,COUR4683,-37.8082246,144.97140190000002,2020-08-12,13:46:48,1,0,Motorbike,"[('omelette', 2), ('egg roll', 3), ('french omelette', 1)]",45,50.253,2540,5,5.58,4.8882
ORD140792,REST0538,CUST01475,COUR0798,-37.8050141,144.9567856,2020-10-23,14:30:19,0,0,Motorbike,"[('roti', 2), ('paratha', 2)]",45,41.085,6522,13,8.79,4.0916
ORD244133,REST1563,CUST05554,COUR1359,-37.8129341,144.94833480000003,2020-09-17,06:07:54,0,0,Motorbike,"[('bamboo biryani', 2), ('murgh ghee roast', 3), ('garlic naan', 1)]",10,52.848,3966,8,9.12,3.5382
ORD234191,REST0070,CUST02771,COUR0383,-37.8259129,144.99443119999998,2020-11-26,13:30:59,1,0,Motorbike,"[('coffee', 3), ('babycorn manchurian', 1)]",20,38.664,2948,6,8.72,5.0572
ORD339559,REST0172,CUST07419,COUR2183,-37.8210104,144.9675621,2020-12-14,15:41:32,0,0,Motorbike,"[('masala poori', 2), ('dahi aloo puri', 2), ('bhel puri', 1)]",45,61.545,5129,5,8.72,3.8415
ORD174857,REST1149,CUST02008,COUR4033,-37.8126041,145.0120369,2020-08-24,02:30:19,0,0,Car,"[('french fries', 2), ('poha', 3), ('sandwiches', 2), ('omelette', 1)]",20,132.448,3967,10,5.58,3.9798
ORD174630,REST1149,CUST06585,COUR1127,-37.8246995,144.98470780000002,2020-01-25,22:21:05,0,1,Motorbike,"[('masala tea', 3), ('french omelette', 1), ('omelette', 3)]",0,127.83,236,0,6.98,3.9077
ORD131615,REST0538,CUST11299,COUR3186,-37.8174026,144.9673919,2020-05-17,10:13:11,0,1,Bike,"[('masala papad', 3), ('chicken curry', 3), ('paratha', 1), ('dragon chicken', 1)]",45,65.61,5835,29,7.03,6.6179
ORD326084,REST0070,CUST10526,COUR0769,-37.818081799999995,144.9777076,2020-11-14,16:56:42,0,1,Car,"[('vegetarian', 2), ('babycorn manchurian', 2), ('mango salad', 2), ('noodles', 1)]",0,114.63,3403,8,8.72,4.6682
ORD127913,REST0538,CUST01144,COUR3894,-37.8241184,144.9534812,2020-08-26,02:02:38,0,0,Motorbike,"[('masala papad', 3), ('biryani', 3), ('chicken grill', 1)]",40,56.046,7189,14,7.03,3.9376
ORD223720,REST1149,CUST11369,COUR1385,-37.81286179999999,144.95981840000002,2020-08-03,18:35:36,1,0,Car,"[('coffee', 3), ('sandwiches', 2), ('egg roll', 3), ('chicken sandwich', 2)]",0,159.1,2993,7,6.98,5.1322
ORD240015,REST1149,CUST04494,COUR4949,-37.8217484,144.9680858,2020-02-28,20:10:32,0,0,Car,"[('sandwiches', 2), ('chicken sandwich', 1), ('pav bhaji', 1)]",0,64.78,1660,4,5.58,3.2712
ORD093079,REST0538,CUST04645,COUR4028,-37.80611029999999,144.93443969999998,2020-04-29,18:03:57,1,0,Bike,"[('chicken curry', 3), ('dragon chicken', 1), ('roti', 1)]",0,112.16,8585,43,8.79,8.4115
ORD304070,REST0070,CUST13818,COUR4187,-37.8119686,144.9637646,2020-26-05,16:09:13,0,0,Motorbike,"[('babycorn manchurian', 2), ('coffee', 2), ('vegetarian', 1)]",0,82.65,639,1,8.72,3.0184
ORD021796,REST0070,CUST04656,COUR1766,-37.8055815,144.93152680000003,2020-06-09,17:20:26,0,0,Bike,"[('veg fritters', 1), ('laksa soup', 1), ('vegetarian', 2)]",10,55.053,3943,20,8.72,4.7795
ORD295110,REST0172,CUST07078,COUR3041,-37.8035792,144.9563362,2020-07-02,06:35:36,0,0,Bike,"[('chaat', 1), ('masala poori', 3), ('vada pav', 2)]",0,121.24,4354,22,6.98,5.2607
ORD048003,REST0070,CUST12873,COUR2846,-37.809670399999995,144.92619390000002,2020-11-23,04:52:44,0,0,Bike,"[('mango salad', 3), ('laksa soup', 2), ('babycorn manchurian', 3)]",0,108.23,4633,23,6.98,5.0608
ORD260084,REST0070,CUST00226,COUR4432,-37.8214422,144.95804569999999,2020-07-11,18:51:25,1,1,Car,"[('mango salad', 1), ('coffee', 3), ('laksa soup', 1)]",0,36.75,1841,4,6.98,4.9554
ORD306781,REST1563,CUST08352,COUR3555,-37.8145433,144.9520468,2020-11-11,15:21:45,0,0,Motorbike,"[('chicken biryani', 3), ('bamboo biryani', 3), ('dal makhani', 2)]",0,130.58,2346,5,9.12,3.2904
ORD274817,REST0172,CUST12948,COUR0798,-37.811349799999995,144.95224319999997,2020-08-18,04:25:03,0,0,Motorbike,"[('dahi aloo puri', 3), ('sev puri', 3)]",40,80.514,3617,7,8.72,3.4752
ORD105549,REST0172,CUST10658,COUR0662,-37.8148815,144.964664,2020-11-07,08:26:22,0,1,Bike,"[('chaat', 2), ('bhel puri', 2)]",10,69.912,4858,24,8.72,6.2506
ORD017171,REST1563,CUST03844,COUR4283,-37.8132546,144.98562809999999,2020-04-12,16:44:50,0,1,Car,"[('murgh ghee roast', 3), ('garlic naan', 1), ('chicken biryani', 2)]",0,71.24,1246,3,9.12,4.0853
ORD237961,REST0172,CUST13582,COUR4909,-37.8200618,144.9450101,2020-07-04,16:56:42,0,1,Car,"[('panipuri', 1), ('masala poori', 1)]",0,45.61,3404,8,6.98,4.2661
ORD158237,REST0172,CUST03180,COUR2010,-37.8086589,144.9259279,2020-02-27,11:32:18,0,0,Car,"[('chaat', 1), ('sev puri', 2), ('bhel puri', 2)]",0,96.32,3236,8,8.72,3.4026
ORD312377,REST0070,CUST04021,COUR0405,-37.8194217,144.98399650000002,2020-09-30,01:38:54,0,0,Bike,"[('vegetarian', 1), ('laksa soup', 3)]",45,19.811,1897,9,6.98,3.4363
ORD141395,REST0538,CUST10786,COUR2509,-37.8087289,144.9614717,2020-04-26,13:27:01,1,1,Car,"[('dragon chicken', 2), ('chicken grill', 2)]",20,73.184,6264,15,7.03,6.5215
ORD266069,REST0070,CUST01524,COUR0009,-37.827498299999995,144.9877139,2020-10-17,11:32:18,0,1,Motorbike,"[('babycorn manchurian', 2), ('veg fritters', 3)]",0,110.88,2663,5,8.72,4.3719
ORD035150,REST0538,CUST13874,COUR3213,-37.8164624,144.97100659999998,2020-07-17,00:15:49,0,0,Bike,"[('chicken curry', 1), ('biryani', 3), ('dragon chicken', 2)]",0,118.64,5495,27,8.79,5.6572
ORD218122,REST0538,CUST07798,COUR1826,144.9879895,-37.8009025,2020-04-02,15:29:40,0,0,Bike,"[('paratha', 3), ('biryani', 2), ('roti', 2)]",0,125.04,3979,20,8.79,4.5014
ORD333015,REST0172,CUST04144,COUR0404,-37.8188878,144.98179309999998,2020-09-07,16:01:19,0,0,Motorbike,"[('vada pav', 3), ('sev puri', 2), ('dahipuri', 3), ('chaat', 3)]",10,173.304,6386,13,6.98,3.8966
ORD103041,REST1563,CUST12301,COUR3373,-37.8117481,144.9565163,2020-09-28,09:17:48,0,0,Car,"[('dal makhani', 2), ('garlic naan', 1)]",0,52.6,1988,5,9.12,3.1468
ORD060628,REST0172,CUST07460,COUR4110,-37.813983799999995,144.9604896,2020-01-13,01:42:51,0,0,Bike,"[('dahi aloo puri', 1), ('bhel puri', 3), ('chaat', 2), ('panipuri', 1)]",0,143.82,5278,26,6.98,4.786
ORD253760,REST0538,CUST02994,COUR4878,-37.802519200000006,144.9922671,2020-05-09,20:18:27,0,1,Motorbike,"[('paratha', 1), ('masala papad', 1)]",0,19.7,4607,9,7.03,4.8528
ORD221003,REST0070,CUST00374,COUR0097,-37.8086785,144.95785869999997,2020-11-06,01:30:59,0,0,Motorbike,"[('mango salad', 3), ('coffee', 3)]",20,35.664,1498,3,6.98,2.8836
ORD292698,REST0538,CUST03191,COUR4961,-37.809039899999995,144.9291498,2020-06-15,00:55:23,0,0,Car,"[('chicken grill', 2), ('chicken curry', 3), ('dragon chicken', 1)]",20,110.888,9131,22,7.03,4.8031
ORD205070,REST0070,CUST06973,COUR1158,-37.80522070000001,144.95217319999998,2020-03-12,20:38:14,0,0,Motorbike,"[('coffee', 2), ('laksa soup', 2), ('mango salad', 1), ('noodles', 1)]",20,41.16,2020,4,6.98,3.0844
ORD090513,REST0070,CUST02480,COUR1452,-37.8116403,144.93834980000003,2020-05-07,09:21:45,0,0,Car,"[('noodles', 2), ('veg fritters', 2)]",0,73.3,3235,8,8.72,3.6895
ORD342188,REST1563,CUST09925,COUR3036,-37.8047445,144.9837319,2020-09-17,16:56:42,0,0,Bike,"[('chicken biryani', 2), ('bamboo biryani', 2), ('garlic naan', 1)]",45,35.431,1640,8,9.12,3.6561
ORD308520,REST1149,CUST03261,COUR4987,-37.798919700000006,144.9839018,2020-10-20,18:47:28,1,0,Motorbike,"[('poha', 2), ('chicken sandwich', 1), ('egg roll', 1)]",45,32.373,3332,7,6.98,5.339
ORD080299,REST0538,CUST10053,COUR0757,-37.802362,144.9915361,2020-09-15,14:42:11,0,0,Car,"[('dragon chicken', 3), ('chicken curry', 2), ('biryani', 2), ('paratha', 2)]",10,156.537,4548,11,8.79,3.8506
ORD309257,REST1149,CUST08601,COUR2060,-37.8244809,144.9594236,2020-04-20,02:18:27,0,0,Motorbike,"[('pav bhaji', 1), ('chicken sandwich', 1)]",20,15.664,3079,6,5.58,3.7239
ORD165083,REST1149,CUST06228,COUR2950,-37.8170882,144.932764,2020-12-10,10:44:50,0,0,Car,"[('chicken sandwich', 3), ('french fries', 3), ('egg roll', 2), ('masala tea', 2)]",10,122.031,5498,13,5.58,4.1763
ORD084020,REST1563,CUST00411,COUR2664,-37.8246592,144.98870730000002,2020-07-07,16:36:55,0,0,Car,"[('murgh ghee roast', 3), ('dal makhani', 3)]",0,96.75,2255,5,9.12,3.2482
ORD325273,REST1149,CUST04378,COUR1432,-37.8174011,144.9705456,2020-10-16,05:56:02,0,0,Motorbike,"[('masala tea', 3), ('egg roll', 2)]",40,46.884,2273,5,6.98,3.7031
ORD045695,REST0070,CUST11510,COUR2664,-37.8008942,144.910992,2020-10-06,08:14:30,0,0,Car,"[('laksa soup', 2), ('babycorn manchurian', 2)]",0,62.24,5799,14,8.72,3.868
ORD156925,REST1563,CUST08673,COUR1952,-37.8026551,144.9651658,2020-01-24,17:32:18,0,0,Bike,"[('chicken biryani', 3), ('dal makhani', 3)]",0,119.82,1624,8,9.12,3.7016
ORD012202,REST0070,CUST04306,COUR3640,-37.81984779999999,144.9798461,2020-07-25,07:38:54,0,1,Car,"[('laksa soup', 3), ('noodles', 3)]",0,67.56,2084,5,6.98,4.2419
ORD111239,REST0538,CUST06873,COUR0227,-37.806093700000005,144.959426,2020-10-01,04:56:42,0,0,Bike,"[('dragon chicken', 2), ('chicken curry', 3), ('paratha', 1)]",45,68.86,6175,31,7.03,5.4366
ORD144496,REST0070,CUST00429,COUR1324,-37.818625299999994,144.98592030000003,2020-09-30,11:08:34,0,0,Motorbike,"[('noodles', 2), ('babycorn manchurian', 3), ('vegetarian', 1), ('mango salad', 1)]",0,131.46,1905,4,8.72,2.801
ORD088166,REST0538,CUST07982,COUR2919,-37.8238686,144.9838149,2020-04-15,13:11:12,1,0,Bike,"[('paratha', 1), ('roti', 3), ('masala papad', 3), ('biryani', 2)]",20,107.016,5169,26,7.03,7.0277
ORD278780,REST1563,CUST02924,COUR0598,-37.818698100000006,144.98401930000003,2020-07-12,10:40:52,0,1,Car,"[('murgh ghee roast', 1), ('bamboo biryani', 2)]",45,17.545,1437,3,7.3,3.8369
ORD138341,REST0538,CUST07638,COUR0822,-37.813666,144.9400208,2020-11-16,22:17:08,0,0,Car,"[('roti', 3), ('chicken curry', 1), ('masala papad', 2)]",0,101.11,8123,19,7.03,4.9761
ORD178410,REST0070,CUST00071,COUR1196,-37.800620200000004,144.9780854,2020-03-27,10:36:55,0,0,Car,"[('vegetarian', 1), ('laksa soup', 1), ('coffee', 3), ('mango salad', 1)]",10,48.618,849,4,6.98,2.9587
ORD181165,REST0538,CUST10934,COUR2764,-37.8036834,144.9649862,Sun Jun  7 00:00:00 2020,15:49:27,0,1,Motorbike,"[('chicken grill', 1), ('dragon chicken', 2)]",0,66.89,5966,12,8.79,4.779
ORD125920,REST1149,CUST01045,COUR0780,-37.8165285,144.9282096,2020-05-20,22:44:50,0,0,Car,"[('pav bhaji', 1), ('sandwiches', 2), ('omelette', 1), ('masala tea', 2)]",20,115.84,6333,15,6.98,4.4125
ORD232587,REST0538,CUST07853,COUR0219,-37.8163511,144.9835257,2020-01-09,22:52:44,0,0,Bike,"[('chicken curry', 2), ('biryani', 1), ('dragon chicken', 1), ('paratha', 1)]",0,99.15,4594,23,7.03,5.095
ORD040962,REST1149,CUST05554,COUR3474,-37.8129341,144.94833480000003,2020-07-20,18:11:52,1,0,Bike,"[('poha', 2), ('pav bhaji', 1), ('french fries', 1)]",0,72.99,4701,24,6.98,6.9131
ORD056574,REST1563,CUST04988,COUR0128,-37.8106018,144.9718113,2020-08-22,20:26:22,0,1,Motorbike,"[('garlic naan', 2), ('dal makhani', 2), ('bamboo biryani', 1)]",20,56.936,402,1,9.12,3.7408
ORD186886,REST0172,CUST10029,COUR4609,-37.8211071,145.0135735,2020-10-14,22:05:16,0,0,Motorbike,"[('chaat', 3), ('sev puri', 2), ('dahi aloo puri', 1), ('vada pav', 2)]",20,129.128,9437,19,8.72,4.8944
ORD026876,REST0538,CUST09435,COUR2339,-37.81576210000001,144.9657789,2020-09-09,02:34:17,0,0,Car,"[('chicken grill', 2), ('dragon chicken', 1)]",45,38.682,6009,14,7.03,4.0454
ORD128855,REST0070,CUST13287,COUR1359,-37.822376899999995,144.978456,2020-03-25,09:05:56,0,0,Motorbike,"[('babycorn manchurian', 3), ('veg fritters', 1)]",0,94.99,1620,3,6.98,2.7247
ORD136270,REST0538,CUST13231,COUR1443,-37.82130720000001,144.9780102,2020-10-21,19:50:46,0,0,Motorbike,"[('masala papad', 1), ('paratha', 3), ('chicken curry', 3)]",20,93.776,5427,11,8.79,5.2192
ORD146092,REST0538,CUST01562,COUR2112,-37.8107072,144.99593180000002,2020-07-07,20:10:32,0,0,Bike,"[('chicken curry', 1), ('chicken grill', 1)]",0,47.35,2970,15,7.03,3.9685
ORD220088,REST0070,CUST05382,COUR2499,-37.813268,144.9702721,2020-04-04,01:34:56,0,1,Motorbike,"[('coffee', 1), ('babycorn manchurian', 3), ('mango salad', 1), ('laksa soup', 3)]",0,108.22,293,1,8.72,4.0718
ORD155796,REST1149,CUST04383,COUR1595,-37.8244191,144.9733024,2020-08-22,14:02:38,0,1,Motorbike,"[('sandwiches', 3), ('coffee', 1)]",10,80.208,1196,2,6.98,3.77
ORD156604,REST1563,CUST11260,COUR1364,-37.805046399999995,144.9615018,2020-08-12,16:05:16,0,0,Motorbike,"[('murgh ghee roast', 2), ('chicken biryani', 1), ('garlic naan', 1), ('bamboo biryani', 2)]",45,36.526,3649,7,7.3,3.4717
ORD062059,REST1563,CUST11529,COUR2803,-37.8202705,144.9896737,2020-06-08,23:08:34,0,0,Motorbike,"[('chicken biryani', 3), ('garlic naan', 2), ('bamboo biryani', 2)]",40,53.55,1851,4,9.12,3.0029
ORD024335,REST0538,CUST05192,COUR4330,-37.821203999999994,144.9581619,2020-05-29,23:24:23,0,0,Car,"[('chicken curry', 3), ('roti', 3)]",0,136.47,6793,16,7.03,4.2674
ORD185022,REST1149,CUST13559,COUR0136,-37.8135696,144.99125669999998,2020-03-02,03:45:29,0,0,Motorbike,"[('french omelette', 1), ('omelette', 2)]",0,53.27,1902,4,5.58,3.7893
ORD005114,REST1149,CUST05739,COUR1033,-37.8134906,144.9310399,2020-11-23,02:42:11,0,0,Bike,"[('french omelette', 3), ('pav bhaji', 2)]",20,44.968,6403,32,5.58,5.9486
ORD217377,REST1563,CUST05467,COUR4383,-37.8126315,144.9650456,2020-06-15,13:23:04,1,0,Bike,"[('chicken biryani', 3), ('bamboo biryani', 1), ('dal makhani', 1)]",20,68.632,1012,5,9.12,4.7882
ORD345926,REST1149,CUST09562,COUR2902,-37.825191700000005,144.9668485,2020-02-16,21:37:34,0,1,Bike,"[('omelette', 2), ('coffee', 3), ('egg roll', 1), ('french fries', 1)]",0,139.39,1852,9,6.98,4.6728
ORD024366,REST1149,CUST09459,COUR1681,-37.7998105,144.9782045,2020-03-28,04:56:42,0,1,Motorbike,"[('masala tea', 1), ('poha', 1)]",0,53.27,3389,7,5.58,4.4795
ORD115681,REST0172,CUST00139,COUR3232,-37.804957,144.9713032,2020-02-15,20:42:11,0,1,Motorbike,"[('vada pav', 2), ('dahi aloo puri', 3), ('dahipuri', 2)]",45,73.98,5796,12,8.72,5.226
ORD176860,REST1563,CUST05077,COUR0430,-37.820198299999994,144.957654,2020-10-01,05:28:21,0,0,Car,"[('bamboo biryani', 1), ('dal makhani', 2), ('garlic naan', 1)]",40,38.226,1981,5,9.12,3.0129
ORD323428,REST0172,CUST13609,COUR1309,-37.8024316,145.0033639,2020-08-11,13:27:01,1,0,Bike,"[('panipuri', 2), ('dahi aloo puri', 2), ('masala poori', 2), ('sev puri', 3)]",0,200.52,8643,43,6.98,8.3347
ORD083493,REST0070,CUST09157,COUR2863,-37.81519229999999,144.95960780000001,2020-02-06,15:49:27,0,0,Bike,"[('veg fritters', 2), ('coffee', 2), ('mango salad', 2), ('babycorn manchurian', 1)]",40,57.21,921,5,6.98,2.9891
ORD146355,REST0538,CUST00381,COUR3345,-37.8216522,144.983389,2020-09-11,20:10:32,0,0,Motorbike,"[('paratha', 2), ('chicken curry', 3)]",40,58.512,5212,26,8.79,5.1132
ORD089951,REST0070,CUST09639,COUR3969,-37.801807399999994,145.0041975,2020-10-21,12:11:52,1,0,Car,"[('coffee', 2), ('babycorn manchurian', 1)]",40,24.306,4098,10,6.98,5.3922
ORD257919,REST1563,CUST02691,COUR1960,-37.8001731,144.9684564,2020-02-27,21:09:53,0,0,Car,"[('garlic naan', 1), ('bamboo biryani', 2), ('dal makhani', 3), ('chicken biryani', 1)]",0,114.76,1728,4,7.3,3.1187
ORD039768,REST0070,CUST00280,COUR3419,-37.7901033,144.9372857,2020-02-04,21:33:37,0,0,Motorbike,"[('coffee', 1), ('laksa soup', 2)]",40,12.192,4714,9,6.98,3.4754
ORD217010,REST0070,CUST06429,COUR0876,-37.824526299999995,144.95849230000002,2020-12-29,10:09:13,0,0,Motorbike,"[('babycorn manchurian', 2), ('vegetarian', 1)]",0,67.01,2387,5,6.98,2.9458
ORD202513,REST1149,CUST09210,COUR1863,-37.8087825,144.966348,2020-05-29,13:07:15,1,0,bike,"[('chicken sandwich', 1), ('masala tea', 3), ('sandwiches', 2)]",0,103.86,2651,6,5.58,4.9985
ORD313319,REST0070,CUST01249,COUR1339,-37.8026752,144.9824231,2020-05-31,19:42:51,1,1,Motorbike,"[('noodles', 1), ('coffee', 3), ('mango salad', 1)]",40,28.062,1994,4,6.98,5.9291
ORD110475,REST1149,CUST12316,COUR0886,-37.8156592,144.95813590000003,2020-08-07,13:27:01,1,0,Motorbike,"[('egg roll', 2), ('chicken sandwich', 3), ('pav bhaji', 1)]",0,56.82,2966,6,6.98,5.093
ORD254931,REST0172,CUST04403,COUR0009,-37.8229098,144.9751892,2020-08-12,14:02:38,0,0,Motorbike,"[('vada pav', 3), ('panipuri', 3), ('bhel puri', 1), ('sev puri', 3)]",0,198.25,5807,12,8.72,3.5128
ORD339865,REST1563,CUST03586,COUR3795,-37.8001618,144.9845044,2020-06-05,12:00:00,1,0,bike,"[('chicken biryani', 1), ('murgh ghee roast', 2), ('garlic naan', 2)]",40,30.99,2111,4,9.12,5.0399
ORD274311,REST1563,CUST00147,COUR1698,-37.8086821,144.9548234,2020-02-23,22:17:08,0,1,Bike,"[('garlic naan', 2), ('bamboo biryani', 3)]",0,48.25,2239,11,7.3,4.8234
ORD072844,REST0172,CUST00406,COUR4641,-37.8223501,144.9840706,2020-08-24,10:40:52,0,0,Motorbike,"[('dahi aloo puri', 2), ('chaat', 1), ('bhel puri', 1), ('sev puri', 3)]",0,148.14,6846,14,6.98,4.0499
ORD133485,REST0172,CUST08780,COUR3524,-37.8019904,144.96013290000002,2020-07-08,20:38:14,0,0,Bike,"[('panipuri', 2), ('masala poori', 3)]",0,113.38,2540,25,6.98,4.9766
ORD302624,REST0070,CUST03469,COUR0653,-37.818866799999995,144.9979072,2020-12-07,23:24:23,0,0,Bike,"[('vegetarian', 2), ('mango salad', 3), ('laksa soup', 1)]",20,49.528,2964,15,6.98,4.3383
ORD038456,REST0172,CUST03090,COUR2861,-37.815042299999995,144.9833949,2020-06-30,03:01:58,0,0,Car,"[('chaat', 2), ('vada pav', 3), ('dahipuri', 1)]",0,105.72,6677,16,8.72,4.2047
ORD151903,REST1563,CUST12751,COUR2188,-37.8163872,144.9285555,2020-02-03,11:28:21,0,0,Bike,"[('garlic naan', 2), ('murgh ghee roast', 3)]",0,43.96,5462,27,7.3,5.5484
ORD025308,REST0172,CUST10537,COUR0891,-37.800455299999996,144.94851740000001,2020-16-03,16:01:19,0,0,Bike,"[('dahi aloo puri', 3), ('bhel puri', 1)]",0,92.47,4319,22,6.98,4.8761
ORD343566,REST1563,CUST09645,COUR1258,-37.801905,145.00343569999998,2020-04-17,20:02:38,0,0,Motorbike,"[('garlic naan', 2), ('dal makhani', 3), ('bamboo biryani', 3)]",10,104.364,3626,7,7.3,3.3002
ORD082632,REST1563,CUST12744,COUR3922,-37.8160703,144.9287191,2020-02-10,05:28:21,0,0,Motorbike,"[('bamboo biryani', 3), ('murgh ghee roast', 3), ('garlic naan', 1), ('chicken biryani', 3)]",45,67.067,5519,11,7.3,3.9105
ORD295568,REST0538,CUST12473,COUR3802,-37.8188951,144.95312880000003,2020-03-10,03:25:42,0,0,Bike,"[('chicken curry', 1), ('chicken grill', 2), ('dragon chicken', 3), ('roti', 3)]",20,162.864,7226,36,8.79,6.3115
ORD216810,REST1149,CUST10575,COUR0132,-37.8064176,144.93247490000002,2020-09-25,02:06:35,0,0,Car,"[('chicken sandwich', 1), ('french fries', 3), ('omelette', 2)]",45,58.756,5722,14,5.58,4.3843
ORD116606,REST0538,CUST07690,COUR2289,-37.813254799999996,145.01170430000002,2020-12-13,09:05:56,0,1,Car,"[('roti', 3), ('dragon chicken', 1), ('biryani', 1), ('masala papad', 2)]",20,93.888,2177,5,8.79,4.1155
ORD258385,REST0070,CUST00766,COUR4160,-37.8178625,144.96091030000002,2020-01-20,16:01:19,0,0,Bike,"[('coffee', 2), ('mango salad', 3)]",0,36.76,1292,6,8.72,3.5671
ORD173405,REST0538,CUST06822,COUR0549,-37.8040317,144.96953530000002,2020-01-03,20:50:06,0,0,Bike,"[('roti', 3), ('chicken grill', 2)]",0,117.37,5531,28,7.03,5.4649
ORD073518,REST0172,CUST08105,COUR0169,-37.818674,145.00522769999998,2020-02-20,06:00:00,0,0,Bike,"[('bhel puri', 3), ('vada pav', 1), ('chaat', 2)]",10,101.106,8599,43,6.98,7.3616
ORD045741,REST0070,CUST08340,COUR3246,-37.8131761,144.9513395,2020-09-17,16:32:58,0,0,Car,"[('veg fritters', 1), ('laksa soup', 3)]",10,35.217,1926,5,6.98,2.8967
ORD314727,REST0070,CUST10390,COUR0098,-37.8196969,144.97441750000002,2020-11-05,18:51:25,1,0,Motorbike,"[('babycorn manchurian', 2), ('veg fritters', 1), ('mango salad', 2), ('laksa soup', 3)]",45,56.623,1206,2,8.72,4.2075
ORD117691,REST0070,CUST10732,COUR2281,-37.8120724,144.9871468,2020-07-06,00:55:23,0,0,Bike,"[('babycorn manchurian', 1), ('laksa soup', 2), ('noodles', 3), ('coffee', 1)]",40,56.4,1851,9,6.98,3.1744
ORD026932,REST0538,CUST12958,COUR4474,-37.8115569,144.9525449,2020-02-20,14:46:09,0,0,Motorbike,"[('roti', 1), ('biryani', 2)]",0,58.45,6905,14,8.79,4.0984
ORD093660,REST1149,CUST05190,COUR2360,-37.822767600000006,144.9579929,2020-07-13,20:46:09,0,0,Motorbike,"[('egg roll', 3), ('masala tea', 1), ('french omelette', 3)]",10,76.113,2898,6,6.98,3.4909
ORD318749,REST1563,CUST03117,COUR3857,-37.8143541,144.9880983,2020-10-17,15:37:34,0,1,Bike,"[('chicken biryani', 1), ('murgh ghee roast', 3)]",0,46.41,1413,7,9.12,4.4819
ORD320999,REST0172,CUST00056,COUR0455,-37.8071033,144.9674874,2020-07-13,22:36:55,0,0,Bike,"[('vada pav', 3), ('masala poori', 3)]",10,105.354,4995,25,8.72,5.3324
ORD348997,REST1149,CUST07653,COUR3601,-37.8136879,144.9407992,2020-09-16,14:50:06,0,0,Car,"[('sandwiches', 1), ('chicken sandwich', 3), ('omelette', 1), ('egg roll', 1)]",20,59.904,4720,11,5.58,3.8562
ORD013452,REST0172,CUST05207,COUR4204,-37.822570500000005,144.9526419,2020-06-10,11:04:36,0,0,Motorbike,"[('sev puri', 3), ('dahipuri', 1), ('dahi aloo puri', 1), ('bhel puri', 2)]",45,73.188,4081,8,6.98,3.4686
ORD072749,REST0070,CUST11234,COUR1906,-37.8054934,144.92967130000002,2020-07-08,01:30:59,0,0,Bike,"[('mango salad', 1), ('vegetarian', 2), ('noodles', 2), ('coffee', 3)]",0,97.58,4108,21,6.98,5.0041
ORD271669,REST1563,CUST00119,COUR4443,-37.8037706,144.9564762,2020-12-07,04:09:13,0,0,Car,"[('garlic naan', 3), ('dal makhani', 1)]",40,26.97,2146,5,7.3,2.7318
ORD200563,REST0172,CUST05896,COUR4008,-37.8002014,144.955207,2020-10-27,02:54:03,0,0,Car,"[('dahipuri', 3), ('panipuri', 1), ('vada pav', 3)]",0,113.21,4663,23,6.98,4.7389
ORD100981,REST0070,CUST10621,COUR0877,-37.8055627,144.9576716,2020-05-28,07:58:40,0,0,Bike,"[('noodles', 1), ('coffee', 3), ('babycorn manchurian', 3)]",0,114.34,1538,8,8.72,3.5134
ORD107222,REST1149,CUST05278,COUR3146,-37.819667100000004,144.9627943,2020-07-20,22:13:11,0,0,Motorbike,"[('french fries', 2), ('coffee', 3)]",0,102.14,2210,4,5.58,3.1871
ORD345297,REST0070,CUST00356,COUR4614,-37.820559499999995,144.9839187,2020-05-23,17:36:15,0,1,Motorbike,"[('veg fritters', 3), ('vegetarian', 1), ('mango salad', 2), ('coffee', 1)]",0,100.31,1939,4,6.98,4.2359
ORD140523,REST1563,CUST01189,COUR2070,-37.8051531,144.9940216,2020-08-14,05:28:21,0,0,Bike,"[('dal makhani', 2), ('murgh ghee roast', 1)]",0,54.82,2545,13,7.3,4.1019
ORD102171,REST0070,CUST06421,COUR1463,-37.804207299999995,145.0026874,2020-05-10,00:55:23,0,1,Bike,"[('veg fritters', 3), ('laksa soup', 3)]",0,79.89,3749,7,8.72,5.7248
ORD287606,REST1563,CUST13621,COUR3007,-37.8238593,144.9818731,2020-08-14,15:01:58,0,0,Motorbike,"[('chicken biryani', 2), ('murgh ghee roast', 1), ('dal makhani', 1), ('garlic naan', 1)]",45,40.948,1907,4,9.12,3.1616
ORD078156,REST1563,CUST01345,COUR0617,-37.822531899999994,144.9639894,2020-11-15,00:19:46,0,1,Bike,"[('murgh ghee roast', 3), ('chicken biryani', 3), ('bamboo biryani', 3), ('garlic naan', 2)]",40,77.64,1837,9,7.3,4.5683
ORD306670,REST0172,CUST03227,COUR1253,-37.8161912,144.9459981,2020-10-26,14:02:38,0,0,Car,"[('sev puri', 3), ('vada pav', 3), ('chaat', 3), ('dahi aloo puri', 2)]",45,122.65,3009,7,8.72,3.1297
ORD113711,REST0070,CUST09273,COUR3036,-37.81276079999999,144.96799840000003,2020-10-23,08:58:01,0,0,Bike,"[('noodles', 3), ('mango salad', 3), ('coffee', 2)]",0,85.57,123,1,6.98,2.7613
ORD188649,REST0538,CUST00631,COUR0746,-37.805693299999994,144.94122,2020-01-15,14:54:03,0,0,Motorbike,"[('masala papad', 3), ('dragon chicken', 2), ('biryani', 3)]",0,111.12,7974,16,7.03,3.985
ORD002530,REST1563,CUST13875,COUR2480,-37.816493200000004,144.97101919999997,2020-08-19,03:37:34,0,0,Car,"[('dal makhani', 1), ('chicken biryani', 2)]",10,51.579,731,2,9.12,2.9024
ORD288743,REST1149,CUST04570,COUR4990,-37.8142051,144.950205,2020-08-07,05:44:10,0,0,Motorbike,"[('french omelette', 3), ('coffee', 3), ('poha', 3), ('egg roll', 2)]",0,178.61,4665,9,5.58,3.7224
ORD297716,REST1149,CUST03896,COUR2999,-37.818414399999995,144.9473841,2020-11-10,07:54:43,0,0,Motorbike,"[('french fries', 3), ('chicken sandwich', 1), ('french omelette', 2)]",10,74.205,3849,8,6.98,3.5348
ORD130371,REST1149,CUST10559,COUR1879,-37.8232232,144.93856399999999,2020-12-16,09:57:21,0,0,Car,"[('sandwiches', 2), ('egg roll', 3), ('french fries', 3), ('chicken sandwich', 3)]",20,24.474,4523,11,5.58,4.1124
ORD269536,REST1149,CUST07322,COUR1976,-37.8046614,144.99278950000001,2020-03-20,03:37:34,1,0,Car,"[('omelette', 3), ('poha', 1)]",10,77.022,2901,7,5.58,3.42
ORD039942,REST0172,CUST08162,COUR3773,-37.8189265,145.002589,2020-01-06,08:06:35,0,0,Motorbike,"[('masala poori', 1), ('vada pav', 3), ('panipuri', 1), ('bhel puri', 1)]",0,113.99,8326,17,8.72,4.6104
ORD002144,REST1149,CUST03529,COUR3975,-37.8227381,145.0031044,2020-11-28,00:00:00,0,1,Car,"[('pav bhaji', 2), ('sandwiches', 3)]",0,95.12,2300,6,6.98,4.5205
ORD084962,REST1563,CUST04181,COUR4759,-37.8263493,144.9857044,2020-07-14,02:42:11,0,0,Car,"[('chicken biryani', 1), ('garlic naan', 3)]",0,39.75,2415,6,9.12,3.4641
ORD253208,REST0172,CUST06940,COUR1075,-37.8060123,144.9560517,2020-02-02,04:05:16,0,1,Car,"[('bhel puri', 3), ('panipuri', 2)]",0,100.3,4092,20,6.98,5.9422
ORD250282,REST1149,CUST11177,COUR2688,-37.804537599999996,144.9534528,2020-04-03,21:45:29,0,0,Bike,"[('coffee', 2), ('pav bhaji', 2), ('french omelette', 2), ('egg roll', 2)]",20,91.696,4037,20,5.58,4.9287
ORD104788,REST0172,CUST06949,COUR3703,-37.805919,144.95831840000002,2020-02-21,10:48:47,0,0,Motorbike,"[('masala poori', 1), ('chaat', 1), ('sev puri', 1), ('vada pav', 1)]",40,47.94,4331,31,6.98,4.0346
ORD274353,REST1563,CUST04198,COUR0384,-37.82516029999999,144.98537919999998,2020-09-10,16:56:42,0,0,Motorbike,"[('chicken biryani', 3), ('garlic naan', 2), ('dal makhani', 1)]",0,89.6,2288,5,9.12,3.0613
ORD265739,REST1149,CUST09315,COUR0436,-37.8183289,144.96052930000002,2020-12-26,12:00:00,1,1,Car,"[('masala tea', 3), ('egg roll', 3)]",40,54.504,2535,6,6.98,6.0103
ORD334644,REST1149,CUST03801,COUR2332,-37.825320700000006,144.9533112,2020-07-22,01:38:54,0,0,bike,"[('poha', 1), ('pav bhaji', 3), ('masala tea', 3)]",10,102.456,3147,6,5.58,3.5722
ORD079545,REST0172,CUST03470,COUR1904,-37.8146496,144.994006,2020-05-11,23:44:10,0,0,Motorbike,"[('sev puri', 1), ('dahi aloo puri', 3), ('dahipuri', 3), ('vada pav', 1)]",10,135.495,7691,15,6.98,3.6021
ORD105932,REST0172,CUST03083,COUR0094,-37.8015679,144.9684229,2020-12-15,19:50:46,1,0,Bike,"[('vada pav', 2), ('dahipuri', 2)]",40,35.904,5575,28,8.72,7.0236
ORD142117,REST1149,CUST10193,COUR4058,144.96957859999998,-37.8213505,2020-06-04,14:30:19,0,0,Car,"[('chicken sandwich', 2), ('poha', 1), ('coffee', 2), ('french fries', 3)]",40,79.122,1561,4,5.58,3.4088
ORD223992,REST0538,CUST10448,COUR4468,-37.8191503,144.925218,2020-03-02,16:40:52,0,0,Car,"[('dragon chicken', 1), ('paratha', 2), ('biryani', 1), ('chicken grill', 3)]",20,113.616,9492,2,7.03,5.0938
ORD223514,REST1149,CUST08160,COUR1986,-37.8167792,145.0055926,2020-09-07,12:43:30,1,0,Car,"[('sandwiches', 1), ('french omelette', 3)]",10,46.341,2974,7,6.98,5.3298
ORD097918,REST1149,CUST12843,COUR1085,-37.7997371,144.9348231,2020-11-02,00:39:33,0,0,Motorbike,"[('coffee', 1), ('egg roll', 1), ('sandwiches', 3)]",10,91.638,8113,16,6.98,4.5722
ORD301946,REST1149,CUST05664,COUR0201,-37.8122474,144.937112,2020-07-21,20:18:27,0,0,Car,"[('omelette', 1), ('poha', 1), ('masala tea', 1), ('coffee', 3)]",0,123.48,5326,13,6.98,4.3275
ORD038985,REST0538,CUST07443,COUR0448,-37.801186200000004,144.9631305,2020-03-06,07:34:56,0,0,Car,"[('roti', 1), ('paratha', 3), ('dragon chicken', 2), ('chicken grill', 2)]",0,158.07,6346,22,7.03,4.2628
ORD081276,REST1149,CUST10319,COUR2212,-37.804507,144.9693603,2020-10-17,13:42:51,1,1,Bike,"[('masala tea', 1), ('coffee', 2)]",10,54.198,2863,14,6.98,7.05
ORD221981,REST0538,CUST05443,COUR0608,-37.8144932,144.9638438,2020-12-14,06:03:57,0,0,Bike,"[('roti', 1), ('paratha', 2), ('chicken curry', 1), ('biryani', 2)]",0,110.45,6145,31,7.03,5.8861
ORD049672,REST0172,CUST13286,COUR3527,-37.82223079999999,144.9782323,2020-08-12,23:56:02,0,0,Bike,"[('dahi aloo puri', 1), ('masala poori', 3), ('vada pav', 3), ('dahipuri', 2)]",0,168.07,6282,31,8.72,5.904
ORD116228,REST0538,CUST12093,COUR3923,-37.8250773,145.01499980000003,2020-08-31,18:19:46,1,0,Bike,"[('chicken grill', 2), ('dragon chicken', 1)]",0,70.33,6309,18,7.03,6.053
ORD123506,REST0538,CUST10617,COUR4127,-37.8109799,144.96377990000002,2020-04-10,18:55:23,1,0,Car,"[('roti', 2), ('dragon chicken', 2), ('chicken grill', 1)]",10,101.115,6117,15,8.79,5.4394
ORD048136,REST0172,CUST02244,COUR0731,-37.8189898,144.963902,2020-05-05,13:38:54,1,0,Motorbike,"[('chaat', 2), ('bhel puri', 3), ('masala poori', 3)]",45,89.078,4807,10,6.98,5.2621
ORD316437,REST0070,CUST04310,COUR3364,-37.8192916,144.9788269,2020-09-30,21:21:45,0,0,Bike,"[('noodles', 1), ('veg fritters', 2), ('babycorn manchurian', 2), ('vegetarian', 1)]",40,74.424,1974,10,6.98,3.5055
ORD231000,REST0070,CUST03286,COUR0402,-37.8064066,144.9475926,2020-05-21,19:54:43,1,0,Motorbike,"[('mango salad', 3), ('veg fritters', 1), ('babycorn manchurian', 3), ('laksa soup', 3)]",20,107.888,2467,5,8.72,5.0708
ORD179645,REST1563,CUST12104,COUR3038,145.0119305,-37.825016,2020-02-09,08:14:30,0,1,Motorbike,"[('garlic naan', 1), ('chicken biryani', 1)]",45,13.657,4149,8,9.12,4.5693
ORD299910,REST0070,CUST11284,COUR3498,-37.8239406,144.9818069,2020-09-04,12:59:20,1,0,Car,"[('coffee', 3), ('noodles', 1), ('laksa soup', 2), ('babycorn manchurian', 2)]",45,56.084,2082,5,6.98,4.5501
ORD214962,REST1563,CUST01274,COUR1396,-37.804983899999996,144.9762398,2020-06-25,22:05:16,0,0,Car,"[('chicken biryani', 2), ('bamboo biryani', 2), ('garlic naan', 2)]",45,39.534,878,2,7.3,2.9981
ORD043045,REST1563,CUST04422,COUR1085,-37.8194126,144.9320645,2020-03-01,02:10:32,0,1,Motorbike,"[('murgh ghee roast', 1), ('dal makhani', 3), ('garlic naan', 3), ('chicken biryani', 1)]",0,117.14,5269,11,9.12,4.845
ORD137484,REST0172,CUST00162,COUR1565,-37.8128818,145.0025987,2020-05-28,07:58:40,0,0,Motorbike,"[('bhel puri', 3), ('vada pav', 2), ('masala poori', 3)]",0,153.6,8217,16,8.72,4.1744
ORD181717,REST1149,CUST01667,COUR3436,-37.8192593,145.0112358,2020-07-28,16:48:47,0,0,Car,"[('coffee', 2), ('poha', 1), ('chicken sandwich', 2), ('pav bhaji', 1)]",10,79.434,3303,8,5.58,3.9093
ORD159584,REST0070,CUST12108,COUR1784,-37.8239991,145.011358,2020-10-25,19:19:07,1,1,Car,"[('babycorn manchurian', 3), ('vegetarian', 3), ('laksa soup', 1), ('noodles', 1)]",0,148.94,4435,11,8.72,6.4166
ORD326279,REST0538,CUST06653,COUR1870,-37.8215042,144.94563689999998,2020-07-19,17:32:18,0,1,Bike,"[('chicken grill', 2), ('chicken curry', 2), ('roti', 1), ('dragon chicken', 3)]",0,180.88,7911,40,7.03,7.8223
ORD304183,REST0172,CUST03642,COUR4971,-37.8049169,144.96690800000002,2020-01-09,00:55:23,0,0,Motorbike,"[('dahipuri', 2), ('bhel puri', 1)]",45,24.156,5123,10,8.72,3.7202
ORD328589,REST1563,CUST01705,COUR2789,-37.8240055,145.0020524,2020-10-22,02:18:27,0,0,Bike,"[('murgh ghee roast', 2), ('chicken biryani', 3)]",0,71.47,3263,16,7.3,4.1151
ORD151624,REST0172,CUST06204,COUR1816,-37.8159052,144.9339849,2020-04-23,02:42:11,0,0,Bike,"[('masala poori', 1), ('bhel puri', 1)]",20,31.968,2319,12,8.72,3.8567
ORD047958,REST0172,CUST10171,COUR3339,-37.8151312,144.9662281,2020-08-27,17:32:18,0,0,Motorbike,"[('dahi aloo puri', 2), ('bhel puri', 1), ('panipuri', 1), ('chaat', 1)]",0,112.07,5034,10,8.72,3.7573
ORD311889,REST1563,CUST10358,COUR1913,-37.827178100000005,144.9940628,2020-05-06,09:45:29,0,0,Car,"[('bamboo biryani', 1), ('chicken biryani', 2), ('garlic naan', 1), ('dal makhani', 1)]",45,41.734,2766,7,9.12,3.513
ORD038814,REST0538,CUST00633,COUR2724,-37.8043773,144.94265369999997,2020-05-24,06:11:52,1,1,Motorbike,"[('dragon chicken', 3), ('biryani', 2), ('roti', 1), ('masala papad', 2)]",10,118.854,7679,15,7.03,5.036
ORD203560,REST1149,CUST02763,COUR1538,-37.8021805,144.9837223,2020-06-28,06:55:23,0,1,Motorbike,"[('sandwiches', 1), ('french fries', 3), ('egg roll', 1), ('poha', 1)]",40,67.614,2935,7,6.98,4.5535
ORD167579,REST1149,CUST00710,COUR3719,-37.8156101,144.96779519999998,2020-11-20,16:36:55,0,0,Bike,"[('french fries', 1), ('sandwiches', 2), ('coffee', 3)]",20,102.6,2036,10,6.98,3.6464
ORD118922,REST0070,CUST10748,COUR0326,-37.8103244,144.98222990000002,2020-10-29,22:56:42,0,0,Motorbike,"[('laksa soup', 2), ('coffee', 2)]",0,28.14,1327,3,8.72,3.2888
ORD241496,REST0538,CUST08449,COUR0339,-37.8058535,144.963145,2020-04-20,01:46:48,0,0,Car,"[('biryani', 1), ('chicken grill', 2)]",10,60.336,5942,14,7.03,4.4052
ORD178496,REST0172,CUST10650,COUR1967,-37.8137277,145.01201630000003,2020-05-03,07:46:48,0,1,Bike,"[('chaat', 2), ('vada pav', 3), ('dahipuri', 2)]",0,118.78,9203,46,6.98,8.5572
ORD342446,REST0070,CUST11789,COUR0079,-37.804480100000006,144.9681961,2020-12-22,14:46:09,0,0,Car,"[('coffee', 3), ('mango salad', 2), ('vegetarian', 1), ('babycorn manchurian', 3)]",20,103.536,1114,3,8.72,3.0015
ORD290522,REST0538,CUST02916,COUR3297,-37.8040715,144.9865219,2020-04-20,13:50:46,1,0,Motorbike,"[('roti', 1), ('dragon chicken', 3), ('masala papad', 2), ('paratha', 2)]",0,125.58,3730,7,7.03,4.974
ORD006180,REST0070,CUST08167,COUR0221,-37.816458600000004,145.0041641,2020-12-05,02:54:03,0,1,Motorbike,"[('laksa soup', 2), ('veg fritters', 2)]",0,53.26,3491,7,6.98,4.1927
ORD154465,REST1149,CUST08334,COUR0258,-37.813247,144.95137240000003,2020-09-23,03:37:34,0,0,Bike,"[('pav bhaji', 1), ('french fries', 2), ('poha', 2), ('chicken sandwich', 2)]",0,103.92,3848,19,5.58,4.8673
ORD329440,REST0172,CUST07041,COUR1787,-37.8029941,144.9579155,2020-05-21,14:22:25,0,0,Bike,"[('panipuri', 1), ('masala poori', 1)]",0,45.61,4615,23,6.98,4.7252
ORD123094,REST1149,CUST00945,COUR3673,-37.815302100000004,144.96540269999997,2020-12-15,03:05:56,0,0,Bike,"[('french omelette', 2), ('masala tea', 3), ('egg roll', 3), ('chicken sandwich', 2)]",10,109.746,1841,11,6.98,3.5357
ORD327939,REST0070,CUST12446,COUR1455,-37.819002000000005,144.9528299,2020-04-05,09:57:21,0,1,Car,"[('coffee', 2), ('noodles', 1), ('babycorn manchurian', 3), ('laksa soup', 1)]",0,112.77,1833,4,6.98,3.9834
ORD113526,REST1563,CUST07132,COUR2954,-37.802533700000005,144.9445452,2020-06-21,12:07:54,1,1,Bike,"[('murgh ghee roast', 2), ('chicken biryani', 3), ('garlic naan', 2)]",0,86.39,3223,16,7.3,6.7832
ORD268884,REST0538,CUST08378,COUR3835,-37.8010755,144.9639306,2020-08-19,15:53:24,0,0,Bike,"[('biryani', 3), ('paratha', 1)]",0,68.2,6124,31,8.79,5.8258
ORD084951,REST0070,CUST13206,COUR4684,-37.8204943,144.9771843,2020-07-21,20:58:01,0,0,Car,"[('coffee', 1), ('vegetarian', 3)]",20,47.704,1540,4,8.72,3.076
ORD073639,REST0172,CUST05381,COUR3378,-37.814494700000004,144.954754,2020-10-10,18:00:00,1,1,Bike,"[('dahi aloo puri', 2), ('bhel puri', 3), ('sev puri', 1)]",0,123.02,3819,19,8.72,7.2078
ORD117016,REST1149,CUST03350,COUR4539,-37.8113891,144.9534946,2020-01-24,22:13:11,0,0,Bike,"[('masala tea', 3), ('pav bhaji', 3)]",10,84.348,3718,19,6.98,5.1809
ORD251286,REST1149,CUST00398,COUR3673,-37.8215034,144.98635019999998,2020-10-03,03:37:34,0,1,Bike,"[('french omelette', 2), ('pav bhaji', 1)]",10,29.628,915,5,6.98,4.6645
ORD139865,REST0538,CUST01672,COUR4968,-37.8227967,145.00501630000002,2020-09-17,23:48:07,0,0,Motorbike,"[('paratha', 2), ('chicken curry', 2), ('roti', 1)]",0,97.49,3231,6,8.79,3.2972
ORD314117,REST0538,CUST09354,COUR1838,-37.810742600000005,144.97536609999997,2020-12-07,16:21:05,0,0,Bike,"[('chicken curry', 1), ('dragon chicken', 3), ('biryani', 2)]",20,121.93,4947,25,8.79,5.1676
ORD219798,REST0538,CUST01462,COUR1462,-37.8156223,144.969886,2020-03-02,14:34:17,0,0,Car,"[('paratha', 3), ('roti', 3)]",0,112.05,5596,13,7.03,3.7898
ORD231019,REST1149,CUST11169,COUR3417,-37.8099268,144.944849,2020-06-03,10:29:00,0,0,Car,"[('masala tea', 3), ('french omelette', 3)]",45,44.896,4674,11,6.98,3.5711
ORD269219,REST1149,CUST01656,COUR2101,-37.8160237,145.0089436,2020-09-30,16:36:55,0,0,Car,"[('chicken sandwich', 1), ('coffee', 3)]",10,62.892,3345,8,6.98,3.6796
ORD347770,REST0172,CUST08392,COUR4245,-37.8010594,144.9637848,2020-03-04,06:39:33,0,0,Car,"[('dahipuri', 3), ('vada pav', 1), ('sev puri', 3)]",0,115.56,5219,13,8.72,3.9613
ORD100054,REST0538,CUST06620,COUR2674,-37.82472070000001,144.9827064,2020-03-27,16:40:52,0,0,Bike,"[('chicken grill', 3), ('masala papad', 2), ('biryani', 3)]",0,137.51,5433,27,7.03,5.5033
ORD211347,REST0070,CUST01547,COUR2237,-37.8161578,144.9949905,2020-01-16,19:50:46,1,0,Motorbike,"[('veg fritters', 3), ('babycorn manchurian', 1), ('noodles', 3)]",0,134.82,2679,5,6.98,4.3434
ORD071786,REST0538,CUST03747,COUR2985,-37.8128581,144.9357274,2020-11-05,02:14:30,0,0,Motorbike,"[('chicken grill', 3), ('paratha', 1)]",10,79.551,8990,18,7.03,4.6422
ORD233665,REST0070,CUST08067,COUR4314,-37.820144,145.01398380000003,2020-14-12,03:09:53,0,0,Motorbike,"[('coffee', 2), ('vegetarian', 2), ('mango salad', 1)]",45,31.471,4301,9,8.72,3.7169
ORD134006,REST0538,CUST03625,COUR0704,-37.8201828,144.9734785,2020-12-06,17:52:05,0,1,Motorbike,"[('masala papad', 2), ('biryani', 2)]",0,45.88,5345,11,7.03,4.4634
ORD267709,REST0070,CUST08113,COUR3455,-37.817001700000006,145.0049113,2020-08-07,17:20:26,0,0,Car,"[('vegetarian', 1), ('coffee', 2), ('mango salad', 1)]",0,39.95,3623,9,6.98,3.6599
ORD177062,REST0070,CUST10172,COUR0812,-37.8156369,144.96573419999999,2020-05-21,20:10:32,0,0,Motorbike,"[('vegetarian', 2), ('noodles', 2)]",0,67.08,653,1,8.72,2.811
ORD294762,REST0172,CUST13929,COUR1247,-37.8096043,144.96368049999998,2020-01-19,01:07:15,0,1,Bike,"[('dahi aloo puri', 2), ('bhel puri', 2), ('masala poori', 2), ('dahipuri', 1)]",0,142.76,4517,23,6.98,6.3045
ORD238802,REST1563,CUST07522,COUR3342,-37.817355299999996,144.946046,2020-12-20,21:01:58,0,1,Bike,"[('bamboo biryani', 3), ('murgh ghee roast', 3), ('dal makhani', 1), ('garlic naan', 1)]",10,83.16,2072,14,7.3,5.0426
ORD212285,REST1149,CUST06128,COUR2774,-37.8065073,144.9579553,2020-02-01,14:02:38,0,1,Motorbike,"[('omelette', 1), ('french omelette', 1), ('poha', 2), ('egg roll', 1)]",0,84.39,3765,8,6.98,4.4874
ORD072878,REST0538,CUST09843,COUR4163,-37.807709,144.97320630000002,2020-11-28,14:14:30,0,1,Bike,"[('masala papad', 3), ('dragon chicken', 1), ('paratha', 1), ('biryani', 3)]",10,94.131,4952,25,8.79,6.3558
ORD061850,REST0070,CUST12092,COUR3152,-37.8242654,145.0149792,2020-06-28,18:23:44,1,1,Bike,"[('babycorn manchurian', 3), ('laksa soup', 2)]",20,69.688,4815,24,8.72,7.4835
ORD319613,REST1563,CUST11322,COUR2843,-37.8030157,144.9291186,2020-09-03,04:36:55,0,0,Motorbike,"[('chicken biryani', 2), ('murgh ghee roast', 1), ('bamboo biryani', 3)]",0,77.75,4555,9,7.3,3.5081
ORD207518,REST1149,CUST00402,COUR1545,-37.8242405,144.9867934,2020-12-21,10:17:08,0,0,Motorbike,"[('sandwiches', 1), ('egg roll', 2)]",0,48.0,1663,1,6.98,2.9816
ORD193382,REST1563,CUST09768,COUR1199,-37.813669899999994,144.9741999,2020-01-19,06:43:30,0,1,Motorbike,"[('chicken biryani', 2), ('dal makhani', 1)]",0,57.31,220,0,7.3,3.4548
ORD124838,REST0172,CUST13918,COUR0996,-37.8135191,144.9655206,2020-03-06,20:30:19,0,0,Car,"[('bhel puri', 3), ('sev puri', 3)]",20,90.336,4875,12,8.72,3.7908
ORD139238,REST1563,CUST04017,COUR1626,-37.799993799999996,144.97483,2020-04-06,12:15:49,1,0,Bike,"[('garlic naan', 3), ('bamboo biryani', 3), ('murgh ghee roast', 1)]",20,65.39,1504,8,7.3,5.0736
ORD231692,REST0172,CUST02322,COUR4351,-37.8259453,144.9621415,2020-09-06,12:23:44,1,1,Motorbike,"[('dahi aloo puri', 3), ('masala poori', 3), ('panipuri', 1)]",0,164.6,4991,10,6.98,6.3014
ORD002845,REST1149,CUST13178,COUR3155,-37.8186212,144.9653171,2020-04-20,14:06:35,0,0,Bike,"[('egg roll', 1), ('omelette', 1)]",0,34.52,2033,10,5.58,3.8711
ORD286067,REST0538,CUST05024,COUR4319,-37.80954129999999,144.9725823,2020-02-07,00:51:25,0,0,Car,"[('masala papad', 1), ('chicken grill', 1), ('dragon chicken', 1)]",0,50.82,5134,12,8.79,3.9211
ORD204170,REST0172,CUST10967,COUR3768,-37.807198,144.94871519999998,2020-07-30,12:00:00,1,0,Bike,"[('vada pav', 3), ('bhel puri', 1)]",20,54.704,3584,18,6.98,6.3382
ORD107342,REST0070,CUST00490,COUR3540,-37.822953999999996,144.9550304,2020-12-23,17:28:21,0,0,Motorbike,"[('babycorn manchurian', 2), ('vegetarian', 3), ('mango salad', 2), ('coffee', 3)]",0,139.09,2137,4,6.98,3.3469
ORD309607,REST1149,CUST12883,COUR3387,-37.8256843,145.0014852,2020-06-23,07:03:17,0,0,Bike,"[('chicken sandwich', 3), ('poha', 1), ('masala tea', 1)]",20,44.368,2278,11,5.58,4.1052
ORD199257,REST0172,CUST07688,COUR2182,-37.814229499999996,145.0119189,2020-10-06,16:21:05,0,0,Car,"[('dahi aloo puri', 3), ('sev puri', 2), ('panipuri', 3)]",0,184.7,9252,22,8.72,4.7602
ORD232852,REST1563,CUST13096,COUR3114,-37.8125305,145.00452880000003,2020-11-06,01:15:09,0,0,Motorbike,"[('bamboo biryani', 1), ('dal makhani', 1), ('garlic naan', 2)]",45,43.74,2981,6,7.3,2.6762
ORD223889,REST0538,CUST04316,COUR3229,-37.8174345,144.97131130000002,2020-08-27,09:09:53,0,0,Car,"[('paratha', 2), ('masala papad', 1), ('chicken curry', 3), ('roti', 3)]",0,170.79,6303,15,7.03,4.2386
ORD153689,REST1563,CUST03372,COUR4791,-37.8119969,144.9415189,2020-04-08,00:03:57,0,0,Bike,"[('murgh ghee roast', 1), ('bamboo biryani', 2), ('chicken biryani', 3)]",40,50.406,3446,17,9.12,4.2587
ORD104555,REST0070,CUST12925,COUR1225,-37.805181299999994,144.9614811,2020-09-06,10:01:19,0,1,Bike,"[('veg fritters', 1), ('mango salad', 3), ('coffee', 1), ('laksa soup', 1)]",45,30.564,3505,18,8.72,5.5438
ORD059905,REST0172,CUST09244,COUR3931,-37.8105653,144.9642804,2020-09-26,17:16:29,0,1,Bike,"[('panipuri', 1), ('bhel puri', 2), ('chaat', 2)]",0,101.13,4622,23,6.98,6.2482
ORD097085,REST1149,CUST08299,COUR1154,-37.8210097,144.9549332,2020-12-29,08:42:11,0,0,Bike,"[('masala tea', 3), ('french omelette', 1)]",0,62.37,2975,15,5.58,4.6467
ORD164207,REST1149,CUST00900,COUR4217,-37.8250933,144.9795779,2020-05-29,13:27:01,1,0,Car,"[('coffee', 3), ('french omelette', 1)]",0,73.59,1705,4,5.58,5.1334
ORD150877,REST0070,CUST03266,COUR3256,-37.80622,144.9448585,2020-02-15,04:05:16,0,1,Car,"[('vegetarian', 1), ('veg fritters', 1)]",0,37.65,2737,7,8.72,4.6043
ORD004492,REST1563,CUST07052,COUR4697,-37.801758899999996,144.957393,2020-06-17,23:20:26,0,0,Bike,"[('murgh ghee roast', 3), ('chicken biryani', 1), ('bamboo biryani', 1), ('garlic naan', 2)]",0,72.44,2241,11,7.3,3.675
ORD010720,REST1149,CUST12661,COUR4271,-37.8032857,144.9502708,2020-11-19,21:05:56,1,0,Car,"[('french omelette', 2), ('masala tea', 2), ('coffee', 1), ('egg roll', 1)]",0,88.44,4480,11,5.58,4.1872
ORD109163,REST0172,CUST02540,COUR4543,-37.8030258,145.00493649999999,2020-10-15,18:47:28,1,0,Car,"[('chaat', 1), ('vada pav', 1), ('masala poori', 1), ('dahi aloo puri', 1)]",0,84.95,8807,21,6.98,6.024
ORD237481,REST0070,CUST08376,COUR1301,-37.799378600000004,144.96428569999998,2020-02-12,09:29:40,0,1,Motorbike,"[('mango salad', 3), ('noodles', 1), ('veg fritters', 3)]",10,88.677,1820,4,8.72,2.9137
ORD277966,REST1563,CUST05543,COUR4568,-37.8144213,144.9501635,2020-06-26,21:45:29,0,0,Bike,"[('garlic naan', 3), ('dal makhani', 1), ('bamboo biryani', 1)]",10,50.454,1037,19,7.3,4.3688
ORD200800,REST0070,CUST12598,COUR1955,-37.803495700000006,144.94973430000002,2020-07-16,16:44:50,0,0,Car,"[('coffee', 1), ('veg fritters', 2)]",45,26.719,2395,6,8.72,3.17
ORD100971,REST1563,CUST01359,COUR3999,-37.802879299999994,144.96795830000002,2020-03-04,07:42:51,0,0,Car,"[('murgh ghee roast', 1), ('garlic naan', 3)]",20,25.648,1427,3,9.12,2.9265
ORD045528,REST0070,CUST04664,COUR0478,-37.8065367,144.932218,2020-12-05,05:48:07,0,1,Car,"[('babycorn manchurian', 2), ('veg fritters', 3), ('mango salad', 2)]",45,68.728,3899,9,6.98,4.612
ORD238738,REST0538,CUST04675,COUR4561,-37.802689799999996,144.938283,2020-08-09,15:13:50,0,1,Motorbike,"[('roti', 3), ('biryani', 3)]",0,121.77,8878,18,8.79,5.3116
ORD321346,REST1563,CUST05702,COUR2690,-37.8161613,144.9390294,2020-09-15,05:08:34,0,0,Car,"[('garlic naan', 3), ('murgh ghee roast', 2), ('bamboo biryani', 1)]",20,42.28,3738,9,9.12,3.3965
ORD101352,REST0538,CUST00258,COUR3052,-37.8108425,144.93889030000003,2020-06-11,23:52:05,0,0,Bike,"[('chicken grill', 3), ('dragon chicken', 1), ('masala papad', 1)]",0,100.0,8247,41,7.03,6.7752
ORD009704,REST0172,CUST01463,COUR1405,-37.8155341,144.970186,2020-09-24,12:11:52,1,0,Motorbike,"[('dahi aloo puri', 3), ('bhel puri', 1)]",0,92.47,5487,11,6.98,5.1677
ORD347775,REST0172,CUST03485,COUR2161,-37.8130028,144.9376504,2020-08-07,13:54:43,1,0,Motorbike,"[('dahipuri', 3), ('bhel puri', 2)]",10,67.302,2381,5,6.98,4.4423
ORD267137,REST0070,CUST07655,COUR2679,-37.8136729,144.9410854,2020-08-21,20:34:17,0,0,Motorbike,"[('veg fritters', 1), ('babycorn manchurian', 2), ('coffee', 3)]",0,93.58,2942,6,8.72,3.2243
ORD100792,REST1563,CUST05048,COUR0427,-37.809445700000005,144.9727357,2020-11-06,12:19:46,1,0,Bike,"[('bamboo biryani', 3), ('murgh ghee roast', 2)]",0,52.69,432,2,9.12,4.5169
ORD140711,REST1563,CUST11774,COUR3273,-37.8197057,144.9706935,2020-11-18,02:18:27,0,0,Bike,"[('chicken biryani', 2), ('murgh ghee roast', 2), ('garlic naan', 3), ('bamboo biryani', 2)]",10,88.83,1519,8,7.3,3.4888
ORD045780,REST0172,CUST01452,COUR3382,-37.8132014,144.9681995,2020-05-03,17:00:39,0,1,Bike,"[('dahi aloo puri', 2), ('sev puri', 3)]",0,55.053,5157,26,6.98,6.5159
ORD346958,REST0070,CUST07625,COUR0285,-37.8139185,144.93963689999998,2020-09-29,20:34:17,0,0,Car,"[('veg fritters', 2), ('vegetarian', 1)]",10,52.227,3078,7,8.72,3.7651
ORD113504,REST0172,CUST05571,COUR4961,-37.8141994,144.9497243,2020-06-08,12:23:44,1,0,Car,"[('vada pav', 1), ('dahipuri', 3)]",0,56.04,4754,11,8.72,5.5188
ORD303456,REST1149,CUST04941,COUR1223,-37.8121326,144.9739582,2020-01-14,06:39:33,0,0,Motorbike,"[('coffee', 3), ('omelette', 2), ('poha', 3), ('sandwiches', 3)]",0,24.306,2059,4,6.98,2.9851
ORD323067,REST1149,CUST10673,COUR2245,-37.816499900000004,144.97697069999998,2020-11-16,14:10:32,0,0,Car,"[('masala tea', 2), ('french fries', 3)]",0,92.43,1457,3,5.58,2.9232
ORD029255,REST1563,CUST12068,COUR1669,-37.815213,144.9636356,2020-06-24,10:21:05,0,0,Bike,"[('chicken biryani', 1), ('bamboo biryani', 2), ('garlic naan', 1)]",0,47.05,1037,5,7.3,3.0902
ORD289932,REST1149,CUST02235,COUR1417,-37.7998806,145.00898,2020-06-14,01:23:04,0,1,Bike,"[('french fries', 3), ('french omelette', 3), ('omelette', 2), ('pav bhaji', 2)]",0,157.12,4789,24,5.58,6.195
ORD084595,REST0070,CUST13412,COUR1261,-37.8106286,145.009697,2020-11-08,13:30:59,1,1,Motorbike,"[('coffee', 2), ('veg fritters', 1), ('babycorn manchurian', 3)]",0,110.63,4295,9,6.98,5.6536
ORD185644,REST0538,CUST12263,COUR4196,-37.819802,144.96128769999999,2020-04-18,11:52:05,0,1,Car,"[('roti', 1), ('dragon chicken', 1)]",10,39.492,6468,16,7.03,5.2902
ORD208461,REST0070,CUST12480,COUR1955,-37.819183100000004,144.951869,2020-05-03,19:46:48,1,1,Car,"[('laksa soup', 1), ('vegetarian', 3)]",45,31.933,1924,5,8.72,5.6137
ORD048216,REST0172,CUST09912,COUR3530,-37.824695899999995,144.954671,2020-04-16,08:50:06,0,0,Car,"[('panipuri', 1), ('masala poori', 2), ('chaat', 3), ('dahi aloo puri', 3)]",0,205.56,4187,10,8.72,3.8189
ORD095300,REST0538,CUST04182,COUR2438,-37.8262921,144.98601619999997,2020-11-08,09:49:27,0,1,Bike,"[('dragon chicken', 2), ('masala papad', 2), ('chicken curry', 1), ('roti', 3)]",0,143.41,5828,5,8.79,6.5518
ORD272783,REST0172,CUST03121,COUR3913,-37.8143315,144.9881358,2020-06-24,16:40:52,0,0,Bike,"[('masala poori', 2), ('dahi aloo puri', 1), ('chaat', 2), ('panipuri', 1)]",20,107.792,7142,36,6.98,6.3434
ORD078733,REST0070,CUST08026,COUR4725,-37.8186401,145.00569480000001,2020-05-14,18:31:38,1,0,Bike,"[('noodles', 2), ('vegetarian', 3)]",10,75.915,3595,18,6.98,6.4118
ORD295372,REST0070,CUST08610,COUR3602,-37.8014682,144.99694319999998,2020-09-22,16:36:55,0,0,Motorbike,"[('coffee', 1), ('noodles', 3)]",0,56.63,3488,7,6.98,3.3335
ORD074681,REST0538,CUST10648,COUR4766,-37.813288,145.01041519999998,2020-07-20,06:59:20,0,0,Car,"[('biryani', 2), ('dragon chicken', 1)]",10,51.183,1963,5,8.79,3.2233
ORD191055,REST0070,CUST08343,COUR3481,-37.8130316,144.9514686,2020-06-25,04:32:58,0,0,Car,"[('noodles', 2), ('mango salad', 1), ('coffee', 3), ('vegetarian', 3)]",45,63.168,1915,5,6.98,3.2075
ORD128711,REST0172,CUST01081,COUR0411,-37.8143336,145.01445890000002,2020-01-26,15:45:29,0,1,Car,"[('dahipuri', 3), ('vada pav', 1), ('sev puri', 3), ('masala poori', 1)]",0,137.72,9874,24,8.72,6.167
ORD327728,REST1149,CUST00419,COUR0004,-37.817443100000006,144.98988390000002,2020-11-16,00:35:36,0,0,Car,"[('poha', 2), ('chicken sandwich', 1), ('pav bhaji', 2), ('egg roll', 3)]",20,89.264,1395,3,5.58,3.5068
ORD178282,REST1563,CUST04947,COUR0135,-37.8121119,144.97398169999997,2020-07-20,21:01:58,0,0,Car,"[('bamboo biryani', 3), ('dal makhani', 3), ('murgh ghee roast', 1), ('chicken biryani', 1)]",20,102.472,8,0,9.12,2.7072
ORD120523,REST0172,CUST12777,COUR0618,-37.8152518,144.9663639,2020-10-22,15:45:29,0,0,Motorbike,"[('panipuri', 2), ('bhel puri', 3), ('dahi aloo puri', 2)]",45,82.544,5120,10,8.72,3.6833
ORD238135,REST1149,CUST11222,COUR1032,-37.80291879999999,144.9510852,2020-01-19,22:13:11,0,1,Bike,"[('french omelette', 2), ('chicken sandwich', 3), ('omelette', 3), ('french fries', 2)]",40,84.396,4318,9,5.58,6.0461
ORD019255,REST0538,CUST11905,COUR3097,-37.8054033,144.9736477,2020-09-05,15:09:53,0,1,Motorbike,"[('chicken curry', 3), ('chicken grill', 1), ('biryani', 1)]",20,88.584,5055,10,7.03,4.6824
ORD182444,REST0070,CUST05388,COUR0766,-37.811941100000006,144.9693608,2020-06-10,08:58:01,0,0,Bike,"[('babycorn manchurian', 2), ('mango salad', 1), ('noodles', 2), ('veg fritters', 2)]",10,117.072,66,0,6.98,2.7898
ORD254861,REST1149,CUST09039,COUR3791,-37.8003787,144.954199,2020-31-07,15:17:48,0,0,Motorbike,"[('egg roll', 2), ('sandwiches', 2)]",45,38.83,4287,9,6.98,3.5786
ORD210994,REST0172,CUST01995,COUR3889,-37.8063852,145.01003269999998,2020-06-16,12:00:00,1,0,Motorbike,"[('vada pav', 3), ('chaat', 2), ('bhel puri', 3), ('panipuri', 3)]",10,194.769,9004,18,8.72,5.8792
ORD278710,REST1563,CUST05634,COUR0118,-37.8121626,144.9387584,2020-02-10,00:43:30,0,0,Motorbike,"[('garlic naan', 3), ('bamboo biryani', 3), ('chicken biryani', 1), ('murgh ghee roast', 3)]",0,102.12,3777,8,7.3,3.3503
ORD211895,REST0070,CUST09498,COUR2827,-37.8059424,144.9788756,2020-10-27,13:23:04,1,0,Car,"[('veg fritters', 2), ('laksa soup', 3)]",45,32.73,1337,3,6.98,4.7164
ORD034348,REST0172,CUST09913,COUR3828,-37.825596600000004,144.9532132,2020-06-03,06:31:38,0,0,Motorbike,"[('panipuri', 2), ('vada pav', 2)]",0,80.62,4037,8,6.98,3.3092
ORD311783,REST0172,CUST08149,COUR1381,-37.8180982,144.9951106,2020-02-19,10:09:13,0,0,Car,"[('sev puri', 2), ('dahi aloo puri', 1)]",0,64.57,7657,18,8.72,4.3493
ORD120160,REST1563,CUST00175,COUR1955,-37.804973499999996,145.0145436,2020-11-30,02:58:01,0,0,Car,"[('bamboo biryani', 3), ('garlic naan', 3), ('dal makhani', 1), ('chicken biryani', 2)]",40,67.812,4530,11,9.12,3.7126
ORD282372,REST0172,CUST09714,COUR1270,-37.8047344,144.9882562,2020-05-08,16:40:52,0,0,Bike,"[('dahipuri', 3), ('vada pav', 1), ('chaat', 3), ('dahi aloo puri', 1)]",40,86.43,7145,36,8.72,6.2648
ORD111967,REST0172,CUST04693,COUR3250,-37.8002472,144.9293855,2020-08-12,15:37:34,0,0,Bike,"[('chaat', 3), ('masala poori', 1)]",20,68.224,4182,21,6.98,4.6389
ORD316848,REST0070,CUST13353,COUR1302,-37.8165343,145.0089471,2020-09-22,10:44:50,0,0,Motorbike,"[('coffee', 3), ('noodles', 3), ('veg fritters', 3)]",10,120.069,3962,8,8.72,3.2372
ORD198362,REST0070,CUST00551,COUR4779,-37.8206671,144.9660763,2020-02-24,00:55:23,0,0,Car,"[('vegetarian', 2), ('mango salad', 1)]",0,41.58,1412,3,6.98,3.3575
ORD058492,REST0172,CUST10851,COUR4122,-37.7991941,144.9876825,2020-02-05,02:22:25,0,0,Car,"[('sev puri', 1), ('dahi aloo puri', 2), ('panipuri', 3)]",40,83.982,7499,18,8.72,4.7802
ORD191182,REST0172,CUST09254,COUR3947,-37.8095691,144.96380209999998,2020-01-25,17:20:26,0,1,Bike,"[('dahipuri', 3), ('panipuri', 3)]",0,109.53,4530,23,8.72,6.1398
ORD327366,REST1563,CUST01190,COUR2558,-37.8073255,144.99366940000002,2020-03-12,12:35:36,1,0,Car,"[('garlic naan', 3), ('bamboo biryani', 3), ('dal makhani', 2)]",45,55.468,2304,6,9.12,4.6559
ORD221347,REST0538,CUST07115,COUR2642,-37.8228581,145.0141013,2020-12-10,06:23:44,0,0,Bike,"[('chicken curry', 2), ('masala papad', 1), ('dragon chicken', 2)]",0,92.9,3349,17,8.79,3.8809
ORD251103,REST0070,CUST01813,COUR3624,-37.799997399999995,144.963181,2020-02-03,15:37:34,0,0,Bike,"[('coffee', 2), ('vegetarian', 2), ('babycorn manchurian', 1), ('noodles', 2)]",0,107.59,1800,9,8.72,3.4151
ORD341189,REST0538,CUST11633,COUR3438,-37.8082401,144.9632852,2020-09-29,19:46:48,1,0,Motorbike,"[('chicken curry', 2), ('masala papad', 2), ('dragon chicken', 2)]",0,97.98,5948,12,7.03,5.226
ORD293255,REST0070,CUST03818,COUR4696,-37.804633700000004,145.0146763,2020-06-16,15:05:56,0,0,Car,"[('coffee', 2), ('mango salad', 2), ('laksa soup', 2), ('babycorn manchurian', 2)]",40,55.176,4915,12,6.98,4.0487
ORD185653,REST1149,CUST12007,COUR2682,-37.8117477,145.0004545,2020-05-29,07:19:07,0,0,Bike,"[('sandwiches', 2), ('poha', 1)]",0,65.32,2878,8,6.98,4.4954
ORD047589,REST1149,CUST08439,COUR4306,-37.802562,144.9637171,2020-10-09,12:51:25,1,0,Motorbike,"[('french fries', 1), ('poha', 2), ('coffee', 1), ('pav bhaji', 2)]",0,107.97,3478,7,5.58,5.4707
ORD212190,REST1149,CUST08351,COUR2854,-37.8141573,144.9519095,2020-05-13,23:36:15,0,0,Bike,"[('coffee', 2), ('french omelette', 2)]",10,55.71,3732,19,6.98,4.8895
ORD155727,REST1563,CUST05852,COUR0461,-37.8055499,144.9756707,2020-04-22,00:31:38,0,0,Car,"[('bamboo biryani', 3), ('dal makhani', 2), ('murgh ghee roast', 3), ('chicken biryani', 3)]",0,159.62,849,2,7.3,2.9359
ORD067902,REST0070,CUST02093,COUR4955,-37.8012094,145.01931409999997,2020-05-14,07:19:07,0,0,Bike,"[('veg fritters', 3), ('coffee', 2)]",40,46.068,5705,29,6.98,5.8249
ORD033988,REST0172,CUST07496,COUR4074,-37.81497279999999,144.9449286,2020-10-19,01:07:15,0,0,Car,"[('chaat', 1), ('sev puri', 1)]",20,32.704,2755,7,8.72,3.3261
ORD088023,REST1563,CUST09050,COUR2776,-37.8117035,144.9454128,2020-05-02,18:31:38,1,1,Car,"[('garlic naan', 2), ('dal makhani', 2)]",40,36.036,3023,7,9.12,5.7304
ORD135921,REST1149,CUST13287,COUR1769,-37.822376899999995,144.978456,2020-05-11,02:46:09,0,0,Bike,"[('egg roll', 3), ('sandwiches', 2), ('french omelette', 1)]",0,92.93,590,3,6.98,3.3006
ORD248462,REST0070,CUST04423,COUR2858,-37.8194114,144.9324236,2020-02-20,12:23:44,1,0,Bike,"[('noodles', 1), ('veg fritters', 1), ('coffee', 2), ('mango salad', 3)]",0,73.41,4708,24,6.98,6.9495
ORD064089,REST1149,CUST12351,COUR1554,-37.8114157,144.9730729,2020-01-23,17:40:13,0,0,Car,"[('masala tea', 2), ('french omelette', 3), ('omelette', 2), ('coffee', 3)]",0,171.65,2132,5,5.58,3.4294
ORD005140,REST0172,CUST08441,COUR2309,-37.80322879999999,144.96336019999998,2020-11-08,03:29:40,0,1,Motorbike,"[('panipuri', 2), ('bhel puri', 3), ('masala poori', 1), ('dahipuri', 1)]",20,108.416,5025,10,6.98,4.4994
ORD224684,REST0070,CUST09823,COUR2401,-37.815447999999996,144.96657030000003,2020-11-08,01:42:51,0,1,Car,"[('vegetarian', 1), ('mango salad', 2), ('noodles', 3)]",40,48.096,580,1,6.98,3.6991
ORD189103,REST1149,CUST04087,COUR1483,-37.8191367,144.984824,2020-10-29,01:07:15,0,0,Bike,"[('egg roll', 3), ('french omelette', 2), ('omelette', 2)]",0,101.0,1002,5,6.98,3.7105
ORD145364,REST0172,CUST06331,COUR1059,-37.8063494,144.9590321,2020-11-28,17:36:15,0,1,Car,"[('sev puri', 1), ('masala poori', 1)]",10,37.8,4379,11,8.72,4.9506
ORD063409,REST0172,CUST05861,COUR4212,-37.8077636,144.9425253,2020-06-20,06:39:33,0,1,Motorbike,"[('chaat', 1), ('sev puri', 3)]",0,80.56,3609,7,8.72,4.4611
ORD306727,REST0538,CUST12737,COUR1909,-37.8152489,144.92772730000002,2020-08-25,04:48:47,0,0,Bike,"[('masala papad', 3), ('chicken grill', 2), ('chicken curry', 1)]",0,87.18,10207,51,8.79,7.9087
ORD189477,REST0070,CUST00827,COUR0656,-37.8171578,144.95930380000001,2020-05-03,18:11:52,1,1,Motorbike,"[('mango salad', 3), ('babycorn manchurian', 2), ('laksa soup', 3), ('veg fritters', 3)]",0,150.75,1185,2,8.72,5.3696
ORD109811,REST0172,CUST12615,COUR4273,-37.8044164,144.94895640000001,2020-05-07,05:16:29,0,0,Car,"[('panipuri', 2), ('dahi aloo puri', 3), ('masala poori', 3)]",20,150.44,3528,10,8.72,3.5171
ORD162735,REST1563,CUST06750,COUR2817,-37.80739570000001,144.9709222,2020-06-24,17:00:39,0,0,Car,"[('garlic naan', 3), ('bamboo biryani', 1)]",0,33.49,726,2,7.3,2.7806
ORD324698,REST1563,CUST04188,COUR1164,-37.826001299999994,144.98427949999999,2020-08-04,20:58:01,0,0,Car,"[('chicken biryani', 1), ('bamboo biryani', 3), ('murgh ghee roast', 2), ('garlic naan', 1)]",0,131.31,2254,5,7.3,2.8902
ORD330114,REST0172,CUST00604,COUR3952,-37.814753,144.94183940000002,2020-12-19,16:13:11,0,1,Bike,"[('sev puri', 2), ('dahi aloo puri', 2), ('vada pav', 3), ('panipuri', 3)]",10,189.351,2394,12,8.72,4.9425
ORD032270,REST0070,CUST00210,COUR2485,-37.7990704,144.9505355,2020-02-16,01:38:54,0,1,Motorbike,"[('mango salad', 2), ('babycorn manchurian', 3), ('noodles', 2), ('veg fritters', 3)]",10,164.133,2538,5,8.72,4.0587
ORD026855,REST0538,CUST09752,COUR0156,-37.809470000000005,144.98170180000002,2020-Sep-09,03:05:56,0,0,Bike,"[('dragon chicken', 1), ('chicken curry', 1), ('paratha', 3), ('chicken grill', 3)]",0,161.54,4255,21,7.03,4.9116
ORD069220,REST0172,CUST09426,COUR1294,-37.8224736,144.955746,2020-12-04,08:42:11,0,0,Car,"[('dahi aloo puri', 3), ('panipuri', 2), ('vada pav', 1)]",20,110.744,4037,10,6.98,4.0134
ORD148302,REST0538,CUST04122,COUR4690,-37.8202215,144.98516730000003,2020-08-13,10:56:42,0,0,Motorbike,"[('masala papad', 3), ('dragon chicken', 2), ('chicken grill', 2)]",0,106.72,4753,10,7.03,3.7813
ORD148687,REST0172,CUST01386,COUR3366,-37.8124836,144.96787319999999,2020-10-22,01:15:09,0,0,Car,"[('dahi aloo puri', 3), ('dahipuri', 2)]",0,100.79,3403,12,8.72,3.7945
ORD212524,REST1563,CUST01120,COUR2142,-37.8052463,145.0043931,2020-10-21,22:48:47,0,0,Motorbike,"[('chicken biryani', 2), ('dal makhani', 2)]",0,79.88,4251,9,7.3,3.3848
ORD321243,REST0070,CUST05407,COUR1588,-37.8000945,144.98088909999998,2020-06-08,20:26:22,0,0,Motorbike,"[('babycorn manchurian', 1), ('veg fritters', 1), ('coffee', 3)]",0,68.71,2072,4,8.72,3.2766
ORD222945,REST0172,CUST08623,COUR2191,-37.809841,144.9763289,2020-06-02,19:27:01,1,0,Car,"[('dahi aloo puri', 3), ('dahipuri', 3)]",20,91.08,6097,15,8.72,5.8168
ORD326361,REST0538,CUST03351,COUR3278,-37.8113629,144.95359019999998,2020-10-21,11:12:31,0,0,Car,"[('dragon chicken', 3), ('roti', 1), ('chicken curry', 3), ('chicken grill', 2)]",40,164.133,6781,16,8.79,4.7011
ORD001048,REST1563,CUST06435,COUR3219,-37.8124211,145.0098233,2020-10-12,23:36:15,0,0,Car,"[('garlic naan', 3), ('bamboo biryani', 1)]",0,33.49,3539,8,9.12,3.3986
ORD003143,REST0172,CUST03544,COUR4829,-37.8206612,145.00451919999998,2020-03-17,13:38:54,1,0,Motorbike,"[('masala poori', 1), ('bhel puri', 1)]",10,35.964,8609,17,6.98,5.7775
ORD131197,REST0538,CUST11630,COUR3831,-37.8265352,144.95552080000002,2020-05-03,16:48:47,0,1,Bike,"[('biryani', 2), ('masala papad', 2), ('paratha', 1), ('chicken grill', 1)]",10,76.581,7388,37,8.79,7.4254
ORD201193,REST1149,CUST02243,COUR2703,-37.81800870000001,144.9668486,2020-11-07,16:17:08,0,1,Car,"[('coffee', 1), ('masala tea', 3), ('omelette', 2), ('poha', 3)]",20,142.448,1907,5,6.98,4.5834
ORD066924,REST1149,CUST04656,COUR2015,-37.8055815,144.93152680000003,2020-06-14,12:27:41,1,1,Bike,"[('chicken sandwich', 1), ('omelette', 2), ('pav bhaji', 3), ('poha', 3)]",10,135.81,5806,29,5.58,7.887
ORD290994,REST1149,CUST12750,COUR1324,-37.8163702,144.9286073,2020-09-16,00:35:36,0,0,Motorbike,"[('pav bhaji', 2), ('poha', 2)]",0,67.56,6378,13,5.58,4.2295
ORD078575,REST0070,CUST11003,COUR0738,-37.805393,144.9576625,2020-05-22,06:15:49,0,0,Motorbike,"[('mango salad', 1), ('babycorn manchurian', 2)]",0,56.78,1565,3,6.98,2.9305
ORD341654,REST0172,CUST09745,COUR4823,-37.8010235,144.9876745,2020-30-07,16:25:03,0,0,Bike,"[('bhel puri', 3), ('panipuri', 1)]",20,61.48,7289,36,6.98,6.1839
ORD101108,REST1563,CUST04356,COUR0975,-37.82313,144.98849850000002,2020-10-02,12:35:36,1,0,Motorbike,"[('bamboo biryani', 2), ('garlic naan', 2), ('dal makhani', 2)]",0,82.28,2070,4,9.12,4.2798
ORD136284,REST1149,CUST00954,COUR4852,-37.8154799,144.9642022,2020-01-31,23:16:29,0,0,Bike,"[('pav bhaji', 2), ('egg roll', 1)]",20,32.016,2449,12,6.98,3.9402
ORD034821,REST0172,CUST07946,COUR1186,-37.8142194,144.97445349999998,2020-05-24,16:01:19,0,1,Bike,"[('bhel puri', 3), ('sev puri', 2), ('panipuri', 1)]",0,116.53,5881,29,8.72,6.6459
ORD294348,REST0172,CUST09249,COUR3906,-37.810559999999995,144.9642987,2020-10-30,16:48:47,0,0,Car,"[('dahi aloo puri', 1), ('masala poori', 3), ('vada pav', 3), ('dahipuri', 2)]",0,168.07,4624,11,8.72,3.8096
ORD013714,REST0538,CUST02083,COUR4856,-37.8019774,145.0155861,2020-11-25,10:48:47,0,0,Car,"[('biryani', 2), ('chicken grill', 3)]",45,60.22,3528,8,7.03,2.996
ORD272470,REST1563,CUST09054,COUR4329,-37.8143652,144.9473851,2020-24-06,02:58:01,0,0,Car,"[('murgh ghee roast', 2), ('dal makhani', 2), ('garlic naan', 1), ('bamboo biryani', 2)]",0,94.18,2853,7,9.12,3.6298
ORD178982,REST0070,CUST05474,COUR2620,-37.817887899999995,144.96213659999998,2020-07-07,23:40:13,0,0,Motorbike,"[('vegetarian', 3), ('laksa soup', 3)]",0,70.56,1151,2,8.72,3.1837
ORD148273,REST1149,CUST01275,COUR2190,-37.8042729,144.975344,2020-06-04,00:00:00,0,0,Motorbike,"[('coffee', 3), ('french fries', 2), ('egg roll', 3), ('masala tea', 2)]",0,175.4,2964,6,5.58,3.4428
ORD347669,REST1149,CUST06812,COUR4957,-37.8032028,144.9738322,2020-01-30,21:05:56,0,0,Car,"[('pav bhaji', 1), ('poha', 1)]",0,33.78,3068,7,6.98,3.4796
ORD220012,REST0538,CUST09090,COUR3190,-37.8018716,144.9841585,2020-09-23,17:20:26,0,0,Bike,"[('roti', 1), ('chicken curry', 1), ('masala papad', 3)]",0,60.73,4188,21,7.03,4.6723
ORD280409,REST0172,CUST11111,COUR3877,-37.8100542,144.9476531,2020-10-09,12:51:25,1,0,Car,"[('sev puri', 2), ('vada pav', 1), ('chaat', 3)]",20,95.728,3194,8,8.72,4.9006
ORD331084,REST0070,CUST10110,COUR0927,-37.8212672,144.95775580000003,2020-07-30,13:11:12,1,0,Motorbike,"[('babycorn manchurian', 3), ('mango salad', 2), ('laksa soup', 2)]",0,101.19,1834,4,8.72,4.3382
ORD050510,REST0172,CUST01435,COUR1823,-37.8123423,144.968408,2020-06-06,20:10:32,0,1,Motorbike,"[('panipuri', 2), ('chaat', 1), ('bhel puri', 1), ('vada pav', 1)]",0,102.6,5197,10,8.72,4.5271
ORD028671,REST1563,CUST12970,COUR0777,-37.8120246,144.95182680000002,2020-05-14,03:25:42,0,0,Motorbike,"[('murgh ghee roast', 2), ('chicken biryani', 3), ('garlic naan', 1)]",0,78.93,2511,5,9.12,3.0749
ORD026586,REST0172,CUST09248,COUR1190,-37.808544299999994,144.9634169,2020-09-18,16:40:52,1,0,Car,"[('dahi aloo puri', 3), ('sev puri', 2), ('bhel puri', 2), ('masala poori', 1)]",0,172.11,4533,11,8.72,3.6265
ORD243469,REST1563,CUST06351,COUR1434,-37.8062553,144.9582936,2020-12-22,04:17:08,0,0,Bike,"[('bamboo biryani', 2), ('chicken biryani', 1)]",20,31.672,1822,9,7.3,3.6175
ORD307620,REST0538,CUST02100,COUR4465,-37.800225,145.00961,2020-03-19,14:18:27,0,0,Bike,"[('paratha', 1), ('dragon chicken', 2)]",0,56.92,2683,13,7.03,4.094
ORD317544,REST1563,CUST12188,COUR4927,-37.8028533,144.96337240000003,2020-02-16,05:36:15,0,1,Bike,"[('bamboo biryani', 2), ('chicken biryani', 1)]",10,35.631,1857,9,7.3,4.8825
ORD271149,REST0172,CUST04751,COUR1539,-37.8050438,144.925926,2020-06-03,03:01:58,0,0,Bike,"[('vada pav', 3), ('chaat', 2), ('panipuri', 3), ('dahipuri', 3)]",40,121.314,4130,21,8.72,5.0901
ORD294804,REST0070,CUST02325,COUR0651,-37.8228607,144.96657140000002,2020-10-26,15:41:32,0,0,Car,"[('babycorn manchurian', 3), ('laksa soup', 1), ('vegetarian', 2)]",0,115.4,1532,4,6.98,3.3278
ORD167292,REST0070,CUST11580,COUR4704,-37.816846500000004,144.9700114,2020-02-22,15:17:48,0,1,Car,"[('veg fritters', 3), ('coffee', 1), ('babycorn manchurian', 1)]",40,56.298,602,1,6.98,3.9808
ORD106220,REST1563,CUST10862,COUR0038,-37.8011421,144.9682916,2020-10-03,12:59:20,1,1,Motorbike,"[('dal makhani', 2), ('murgh ghee roast', 3), ('chicken biryani', 1), ('bamboo biryani', 2)]",20,91.016,1620,3,7.3,5.5013
ORD103675,REST0070,CUST06242,COUR0795,-37.8147838,144.9377043,2020-08-20,03:37:34,0,0,Motorbike,"[('laksa soup', 2), ('noodles', 1)]",0,28.77,3267,7,8.72,3.6569
ORD164821,REST0538,CUST11760,COUR4344,-37.8256734,144.99790269999997,2020-12-27,10:44:50,0,1,Bike,"[('chicken grill', 2), ('biryani', 3)]",40,61.656,4110,21,7.03,5.6337
ORD109813,REST0538,CUST09322,COUR4774,-37.809645700000004,144.9554735,2020-02-27,11:44:10,0,0,Motorbike,"[('chicken grill', 3), ('roti', 1), ('paratha', 1)]",40,66.672,6626,13,7.03,4.1106
ORD104211,REST0172,CUST07483,COUR4458,144.9294614,-37.8030582,2020-10-12,12:27:41,1,0,Motorbike,"[('panipuri', 3), ('vada pav', 1), ('chaat', 3)]",45,82.682,3916,8,6.98,5.2624
ORD127793,REST0172,CUST12943,COUR1142,-37.8100359,144.95157930000002,2020-04-16,03:57:21,0,0,Bike,"[('sev puri', 1), ('chaat', 1), ('masala poori', 1)]",0,63.04,3474,17,6.98,4.3691
ORD296915,REST0538,CUST06070,COUR0828,-37.806754299999994,144.94142309999998,2020-10-09,20:02:38,0,0,Bike,"[('paratha', 2), ('dragon chicken', 2)]",40,42.924,8046,40,7.03,6.3744
ORD095033,REST1149,CUST07672,COUR1205,-37.811027200000005,144.9900001,2020-08-31,20:58:01,0,0,Car,"[('poha', 2), ('egg roll', 1), ('masala tea', 1)]",40,42.312,1504,5,6.98,3.4878
ORD323106,REST1149,CUST04669,COUR4430,-37.8029687,144.9381927,2020-08-08,12:23:44,1,1,Motorbike,"[('poha', 3), ('coffee', 2), ('chicken sandwich', 1), ('omelette', 1)]",20,104.592,5509,11,6.98,6.4487
ORD223766,REST0172,CUST11974,COUR2960,-37.8182677,144.99290980000004,2020-10-02,07:42:51,0,0,Bike,"[('bhel puri', 2), ('chaat', 1), ('dahi aloo puri', 3)]",0,131.31,7506,38,8.72,6.3408
ORD115639,REST0172,CUST07122,COUR2132,-37.8224777,145.015647,2020-03-19,14:58:01,0,0,Car,"[('panipuri', 3), ('chaat', 2), ('dahi aloo puri', 1)]",10,123.588,9735,23,8.72,4.9336
ORD167473,REST0538,CUST11705,COUR3895,-37.8099653,144.9953976,2020-09-12,05:44:10,0,0,Bike,"[('chicken grill', 3), ('biryani', 3)]",20,101.88,2961,15,8.79,4.9713
ORD086931,REST1149,CUST02975,COUR4448,-37.7999311,144.94779499999999,2020-06-24,00:03:57,0,0,Car,"[('sandwiches', 1), ('pav bhaji', 3), ('omelette', 1), ('french omelette', 1)]",40,57.018,4785,11,6.98,4.1164
ORD299647,REST0172,CUST04204,COUR1986,-37.8234727,144.9788056,2020-09-28,14:10:32,0,0,Car,"[('sev puri', 1), ('bhel puri', 1), ('panipuri', 2)]",0,84.54,6124,15,6.98,4.4429
ORD258661,REST1563,CUST01705,COUR2033,-37.8240055,145.0020524,2020-03-02,13:38:54,1,0,Motorbike,"[('chicken biryani', 2), ('dal makhani', 3), ('bamboo biryani', 2), ('murgh ghee roast', 2)]",0,144.03,3263,7,7.3,4.7405
ORD148728,REST0538,CUST02134,COUR4181,-37.7997727,144.9493612,2020-04-19,10:48:47,0,1,Motorbike,"[('masala papad', 1), ('dragon chicken', 3)]",40,41.118,7447,15,7.03,5.0866
